hidden_dim,num_layers,learning_rate,timesteps,epochs,batch_size,iteration,MAPE,R²
10,1,0.001,1,50,4,1,0.1358312110583713,0.4374631706934753
10,1,0.001,1,50,4,2,0.19027281224864626,-0.027131746236463306
10,1,0.001,1,50,4,3,0.1846117103256376,0.048352745577845635
10,1,0.001,1,50,8,1,0.2074536357659334,-0.19807503126314696
10,1,0.001,1,50,8,2,0.1785762287259343,0.18182248711147875
10,1,0.001,1,50,8,3,0.17763885840001126,0.15474385991439854
10,1,0.001,1,50,16,1,0.19398221260463533,-0.03273368338084315
10,1,0.001,1,50,16,2,0.16751797052298947,0.24456036784305357
10,1,0.001,1,50,16,3,0.2144131564880532,-0.30269819418855604
10,1,0.001,1,100,4,1,0.1514413351631795,0.34427575976263003
10,1,0.001,1,100,4,2,0.17310228463610916,0.2257402006012238
10,1,0.001,1,100,4,3,0.1857630332857562,-0.025384729723398003
10,1,0.001,1,100,8,1,0.1557726397935774,0.2901614713730588
10,1,0.001,1,100,8,2,0.14867919897604007,0.34012588220838624
10,1,0.001,1,100,8,3,0.1559309635378661,0.34040570955719274
10,1,0.001,1,100,16,1,0.18835523641441435,-0.01601290520511478
10,1,0.001,1,100,16,2,0.1596157862295364,0.2723848966949127
10,1,0.001,1,100,16,3,0.16973307289444783,0.15013699453519702
10,1,0.001,1,150,4,1,0.16421895520945592,0.24503568192716063
10,1,0.001,1,150,4,2,0.172545110927002,0.16549456821119912
10,1,0.001,1,150,4,3,0.15780000964256072,0.33557298477767983
10,1,0.001,1,150,8,1,0.1674884936930815,0.23547200426233972
10,1,0.001,1,150,8,2,0.14569044722046326,0.36489995797582264
10,1,0.001,1,150,8,3,0.16356937410887892,0.1712475920673061
10,1,0.001,1,150,16,1,0.17770540028773965,0.12515657092986232
10,1,0.001,1,150,16,2,0.14489335780991364,0.40337403674430805
10,1,0.001,1,150,16,3,0.16430537675306073,0.21334166425370493
10,1,0.001,5,50,4,1,0.12842101934435074,0.4757358465962752
10,1,0.001,5,50,4,2,0.16897400781621066,0.2321566000052827
10,1,0.001,5,50,4,3,0.1577514221815294,0.24769537180090473
10,1,0.001,5,50,8,1,0.1586626810878257,0.21278801622216847
10,1,0.001,5,50,8,2,0.15485247935937557,0.28786299971512386
10,1,0.001,5,50,8,3,0.1447888080370163,0.4008153327972104
10,1,0.001,5,50,16,1,0.15640490386981146,0.23293856710856498
10,1,0.001,5,50,16,2,0.17115763282234175,0.15634944217375268
10,1,0.001,5,50,16,3,0.15955203889462827,0.19820033129878845
10,1,0.001,5,100,4,1,0.13228132506375548,0.48189297196336056
10,1,0.001,5,100,4,2,0.1209509248029875,0.568277573781271
10,1,0.001,5,100,4,3,0.17902437063855614,0.06581519529576652
10,1,0.001,5,100,8,1,0.17517961259478243,0.023940280131031555
10,1,0.001,5,100,8,2,0.12397081702567012,0.5231729202006602
10,1,0.001,5,100,8,3,0.1406112821090809,0.4254602978611165
10,1,0.001,5,100,16,1,0.183119889744874,0.009230762817263649
10,1,0.001,5,100,16,2,0.1760607930888094,0.09881075158167474
10,1,0.001,5,100,16,3,0.15536016639437777,0.25888041927497574
10,1,0.001,5,150,4,1,0.15759235898989352,0.3624630140802564
10,1,0.001,5,150,4,2,0.17356543137812788,0.15187391843209608
10,1,0.001,5,150,4,3,0.16769616133525653,0.17631919777241045
10,1,0.001,5,150,8,1,0.14802098798347163,0.3101346624032568
10,1,0.001,5,150,8,2,0.14573107313116332,0.35247998443096473
10,1,0.001,5,150,8,3,0.12263940223998143,0.541393112221854
10,1,0.001,5,150,16,1,0.13698253067148175,0.431758211074628
10,1,0.001,5,150,16,2,0.11755508991508379,0.5722676965035256
10,1,0.001,5,150,16,3,0.2802084531973308,-1.0937090139163206
10,1,0.001,10,50,4,1,0.1548349095828292,0.3219416312827583
10,1,0.001,10,50,4,2,0.15570056523495843,0.28758246136734433
10,1,0.001,10,50,4,3,0.2072362503020572,-0.23151191336291288
10,1,0.001,10,50,8,1,0.1716669897631447,0.1656156331414813
10,1,0.001,10,50,8,2,0.1566328182210319,0.21773329807681052
10,1,0.001,10,50,8,3,0.16801874088765173,0.15978486462021346
10,1,0.001,10,50,16,1,0.1738483127105379,0.12758420180137153
10,1,0.001,10,50,16,2,0.1874340943754111,-0.06646383529973954
10,1,0.001,10,50,16,3,0.18796431456710902,-0.08213107324837732
10,1,0.001,10,100,4,1,0.16311473218858466,0.22068392046715313
10,1,0.001,10,100,4,2,0.17426168277929396,0.11315885927881653
10,1,0.001,10,100,4,3,0.1511451330246616,0.3167329999040591
10,1,0.001,10,100,8,1,0.1534498747381258,0.30926948286824596
10,1,0.001,10,100,8,2,0.12798909569185593,0.4666317393747921
10,1,0.001,10,100,8,3,0.15468736932778981,0.3075152114313343
10,1,0.001,10,100,16,1,0.16356703313208887,0.17733010798288162
10,1,0.001,10,100,16,2,0.15785238274866767,0.26105764401930387
10,1,0.001,10,100,16,3,0.15420452178543345,0.3101040966339573
10,1,0.001,10,150,4,1,0.12468556727590996,0.5046733031417008
10,1,0.001,10,150,4,2,0.16521356921981847,0.19510911152687616
10,1,0.001,10,150,4,3,0.1729262646808766,0.1522820569141724
10,1,0.001,10,150,8,1,0.14583258096152035,0.3361389588600656
10,1,0.001,10,150,8,2,0.17432809338281421,0.15123587810040107
10,1,0.001,10,150,8,3,0.18124807555305902,0.00463283947326687
10,1,0.001,10,150,16,1,0.14271530370046343,0.36052492120611757
10,1,0.001,10,150,16,2,0.1508821521876368,0.3394561990928666
10,1,0.001,10,150,16,3,0.14691485169569163,0.3121629446297214
10,1,0.01,1,50,4,1,0.2714634776781127,-1.1012262815777243
10,1,0.01,1,50,4,2,0.24384771289305357,-0.5039257891232611
10,1,0.01,1,50,4,3,0.27446886125384556,-1.0388197872556315
10,1,0.01,1,50,8,1,0.25422455808874245,-0.851719134069902
10,1,0.01,1,50,8,2,0.2550417431229454,-0.891226060766847
10,1,0.01,1,50,8,3,0.18834862161795451,-0.037055619316502586
10,1,0.01,1,50,16,1,0.21042155685956515,-0.2064012989480346
10,1,0.01,1,50,16,2,0.18813176607717924,-0.05363208013965748
10,1,0.01,1,50,16,3,0.22326516634979587,-0.44799121422286037
10,1,0.01,1,100,4,1,0.23848922784825494,-0.6442520783232719
10,1,0.01,1,100,4,2,0.23374924937904562,-0.6966243854132581
10,1,0.01,1,100,4,3,0.26090015410522704,-0.9089679444354402
10,1,0.01,1,100,8,1,0.22311412241240092,-0.4566054071773753
10,1,0.01,1,100,8,2,0.2869409710061664,-1.2022269247269919
10,1,0.01,1,100,8,3,0.22577971490939047,-0.5431802489455158
10,1,0.01,1,100,16,1,0.25329719966871495,-0.7733094981265798
10,1,0.01,1,100,16,2,0.22321147779893385,-0.47000418110965936
10,1,0.01,1,100,16,3,0.24003457397278982,-0.7481342960530162
10,1,0.01,1,150,4,1,0.2616172974577832,-1.0079258769367847
10,1,0.01,1,150,4,2,0.2622579030655494,-1.0206170374585235
10,1,0.01,1,150,4,3,0.2541428934170633,-0.9250217130374845
10,1,0.01,1,150,8,1,0.19673775933748378,-0.22850926414023043
10,1,0.01,1,150,8,2,0.20739537268762517,-0.3117403875240736
10,1,0.01,1,150,8,3,0.24040854663678596,-0.688025873998902
10,1,0.01,1,150,16,1,0.19988442882982735,-0.13618518834970939
10,1,0.01,1,150,16,2,0.17875879867537,-0.017589093142628798
10,1,0.01,1,150,16,3,0.20420728297664906,-0.22999091196565802
10,1,0.01,5,50,4,1,0.15428264618525386,0.22883899452794243
10,1,0.01,5,50,4,2,0.1880859263996872,-0.01178298855914206
10,1,0.01,5,50,4,3,0.1932268206045181,-0.06821555455687012
10,1,0.01,5,50,8,1,0.20728400485976595,-0.34709811093851206
10,1,0.01,5,50,8,2,0.17585703178785747,0.008851632932268094
10,1,0.01,5,50,8,3,0.1763107891000942,0.20349595182051916
10,1,0.01,5,50,16,1,0.21503985819503593,-0.4232849585323215
10,1,0.01,5,50,16,2,0.2074621448383185,-0.35450736473977495
10,1,0.01,5,50,16,3,0.21068065196614152,-0.18829696725347267
10,1,0.01,5,100,4,1,0.25859570750672134,-0.42844710312387035
10,1,0.01,5,100,4,2,0.17416559807605336,0.15300865559742116
10,1,0.01,5,100,4,3,0.18767467752367978,0.042169154250619956
10,1,0.01,5,100,8,1,0.17207663828109523,0.18004007797482346
10,1,0.01,5,100,8,2,0.19033312355687226,-0.10162281404790097
10,1,0.01,5,100,8,3,0.21816183350390253,-0.44869397457250737
10,1,0.01,5,100,16,1,0.1710267943457726,0.08080572457776702
10,1,0.01,5,100,16,2,0.2094779061781212,-0.22771562650740074
10,1,0.01,5,100,16,3,0.19588361748128322,-0.10673527588545362
10,1,0.01,5,150,4,1,0.22425645047272827,-0.47052277272205667
10,1,0.01,5,150,4,2,0.16595284623343762,0.25379121916244995
10,1,0.01,5,150,4,3,0.16243137985386155,0.14599856658666777
10,1,0.01,5,150,8,1,0.266174180501841,-0.8971880754041319
10,1,0.01,5,150,8,2,0.23541270881376247,-0.6389158886560169
10,1,0.01,5,150,8,3,0.21225983768768167,-0.15506527163555694
10,1,0.01,5,150,16,1,0.20607161628532547,-0.21776841730005514
10,1,0.01,5,150,16,2,0.24275391919463823,-0.6712288028392228
10,1,0.01,5,150,16,3,0.23091584624667247,-0.6024257607027828
10,1,0.01,10,50,4,1,0.16364345335892952,0.14108806823399989
10,1,0.01,10,50,4,2,0.14549509754178766,0.37845034678134193
10,1,0.01,10,50,4,3,0.12180592801697385,0.5233231927533833
10,1,0.01,10,50,8,1,0.26161906507262583,-0.9945187700907501
10,1,0.01,10,50,8,2,0.19723324982378193,-0.09801425250722962
10,1,0.01,10,50,8,3,0.17621142083434063,0.12438329806633974
10,1,0.01,10,50,16,1,0.21308561992309683,-0.41736576326337693
10,1,0.01,10,50,16,2,0.214367185150699,-0.38562161382832305
10,1,0.01,10,50,16,3,0.1973171155970775,-0.20395989919782265
10,1,0.01,10,100,4,1,0.16905601983641919,0.2405603215420623
10,1,0.01,10,100,4,2,0.2273497852925736,-0.47139177020167655
10,1,0.01,10,100,4,3,0.14903599200883724,0.29961230076458634
10,1,0.01,10,100,8,1,0.17311255957448768,0.08894317452378908
10,1,0.01,10,100,8,2,0.19807490905288838,-0.10594696872314979
10,1,0.01,10,100,8,3,0.19084050971115368,-0.1475822500983004
10,1,0.01,10,100,16,1,0.21857566669769743,-0.4588415298386581
10,1,0.01,10,100,16,2,0.23167848345784703,-0.48331233030645526
10,1,0.01,10,100,16,3,0.1651543712321265,0.13487085756190187
10,1,0.01,10,150,4,1,0.21226769684543412,-0.18981030934715637
10,1,0.01,10,150,4,2,0.09041323315696054,0.7021029273842376
10,1,0.01,10,150,4,3,0.2316005686017889,-0.4296112409976738
10,1,0.01,10,150,8,1,0.2693346149451619,-1.1106420632513956
10,1,0.01,10,150,8,2,0.12370084593295466,0.5103928277066191
10,1,0.01,10,150,8,3,0.21865120074309868,-0.36548549801813146
10,1,0.01,10,150,16,1,0.23759235083801644,-0.5282168248399994
10,1,0.01,10,150,16,2,0.23100454033860898,-0.6234450855608908
10,1,0.01,10,150,16,3,0.20823957817304573,-0.11625883889681643
10,1,0.1,1,50,4,1,0.27150772967579934,-1.1655073393250666
10,1,0.1,1,50,4,2,0.32313374961460345,-1.6545680753446894
10,1,0.1,1,50,4,3,0.28046607685604896,-1.2214118431232008
10,1,0.1,1,50,8,1,0.3065240793923927,-1.5703877506178712
10,1,0.1,1,50,8,2,0.27725775999444463,-1.0827889610238541
10,1,0.1,1,50,8,3,0.313057829926147,-1.6399681192280733
10,1,0.1,1,50,16,1,0.35723559193457444,-2.0555938701819843
10,1,0.1,1,50,16,2,0.28081030755985753,-1.2777824485925664
10,1,0.1,1,50,16,3,0.28037910170349567,-1.2767871418205003
10,1,0.1,1,100,4,1,0.4126515690689173,-2.635208019206386
10,1,0.1,1,100,4,2,0.29818007908962696,-1.4825154838196748
10,1,0.1,1,100,4,3,0.3185161314815875,-1.5153812242900808
10,1,0.1,1,100,8,1,0.3273850724915239,-1.8205611170884377
10,1,0.1,1,100,8,2,0.3398461052104101,-1.881524857401859
10,1,0.1,1,100,8,3,0.4120972845543238,-2.622461959432295
10,1,0.1,1,100,16,1,0.3551603442600791,-2.0322682165025006
10,1,0.1,1,100,16,2,0.32742791217670847,-1.6434434330052317
10,1,0.1,1,100,16,3,0.26380824097274497,-0.9663928407300264
10,1,0.1,1,150,4,1,0.27481596744001807,-1.131237927565282
10,1,0.1,1,150,4,2,0.32368290018434004,-1.6210124339646548
10,1,0.1,1,150,4,3,0.3023333763955614,-1.5119904583012436
10,1,0.1,1,150,8,1,0.2736732374816711,-1.2078353366550516
10,1,0.1,1,150,8,2,0.30371121584889155,-1.5530558243812491
10,1,0.1,1,150,8,3,0.3048199702649599,-1.5528441866117908
10,1,0.1,1,150,16,1,0.3139977613554438,-1.670620158165995
10,1,0.1,1,150,16,2,0.3340230291807023,-2.046075391672259
10,1,0.1,1,150,16,3,0.2950699925399284,-1.441899137571093
10,1,0.1,5,50,4,1,0.315514607705136,-1.6528104636813192
10,1,0.1,5,50,4,2,0.3778317749318357,-2.20397948975776
10,1,0.1,5,50,4,3,0.2680525079117456,-1.129926463574645
10,1,0.1,5,50,8,1,0.2767954386121436,-1.2228540965782706
10,1,0.1,5,50,8,2,0.2815489432631606,-1.258254059444074
10,1,0.1,5,50,8,3,0.2801224164698248,-1.2902560891371055
10,1,0.1,5,50,16,1,0.27507133083261043,-1.206613250880308
10,1,0.1,5,50,16,2,0.2427113810288113,-0.4742265081141501
10,1,0.1,5,50,16,3,0.2720933885267386,-1.1873881354654312
10,1,0.1,5,100,4,1,0.4664275399431702,-3.302128224095952
10,1,0.1,5,100,4,2,0.3577919923494611,-2.0853992279104347
10,1,0.1,5,100,4,3,0.4101835826514434,-3.989104763680851
10,1,0.1,5,100,8,1,0.29262077996399466,-1.4311325318753587
10,1,0.1,5,100,8,2,0.3509465233197253,-1.9390026959633753
10,1,0.1,5,100,8,3,0.3216836020658092,-1.7779477609046421
10,1,0.1,5,100,16,1,0.27903000166886394,-1.2787485745590113
10,1,0.1,5,100,16,2,0.29404720685495767,-1.445844300193854
10,1,0.1,5,100,16,3,0.290710397600544,-1.4125482588048581
10,1,0.1,5,150,4,1,0.36127271853317466,-1.9634178582795738
10,1,0.1,5,150,4,2,0.29760889228776205,-1.482143337584941
10,1,0.1,5,150,4,3,0.3120450945402239,-1.6397980826130487
10,1,0.1,5,150,8,1,0.3257589113356653,-1.7982164960441813
10,1,0.1,5,150,8,2,0.3027187275022808,-1.5227372099339966
10,1,0.1,5,150,8,3,0.3077674530484963,-1.514872092148325
10,1,0.1,5,150,16,1,0.27259452518015403,-1.105756673458079
10,1,0.1,5,150,16,2,0.27296469252727057,-1.0809238933497771
10,1,0.1,5,150,16,3,0.3485964009921734,-1.801129507777345
10,1,0.1,10,50,4,1,0.432887162133144,-2.9645388226513814
10,1,0.1,10,50,4,2,0.31199459163994114,-1.5784947106264022
10,1,0.1,10,50,4,3,0.3511629127892433,-2.0800296968063976
10,1,0.1,10,50,8,1,0.22292694246298597,-0.37556327988184623
10,1,0.1,10,50,8,2,0.28852395442557965,-1.3934003276557614
10,1,0.1,10,50,8,3,0.28203121252198987,-1.2577474624362202
10,1,0.1,10,50,16,1,0.215699698923141,-0.4379523541161945
10,1,0.1,10,50,16,2,0.28656972575324025,-1.2909037394340848
10,1,0.1,10,50,16,3,0.176915878839611,-0.04766163340352314
10,1,0.1,10,100,4,1,0.32032478120973557,-1.7601954054731386
10,1,0.1,10,100,4,2,0.2912878062933187,-1.42851647357321
10,1,0.1,10,100,4,3,0.3228437447432837,-2.35604465949314
10,1,0.1,10,100,8,1,0.33954949763137676,-1.9615592904389492
10,1,0.1,10,100,8,2,0.29335287893307976,-1.3010886232509318
10,1,0.1,10,100,8,3,0.31257575311416774,-1.593801542261133
10,1,0.1,10,100,16,1,0.30549092234189573,-1.5700878467924149
10,1,0.1,10,100,16,2,0.13542374979666688,0.3622942984352374
10,1,0.1,10,100,16,3,0.2919494458424317,-1.4045430496565987
10,1,0.1,10,150,4,1,0.38398548266340277,-2.384582293453664
10,1,0.1,10,150,4,2,0.3146632772747433,-1.6711863417467638
10,1,0.1,10,150,4,3,0.37316925134925627,-2.116410179949106
10,1,0.1,10,150,8,1,0.35144119953239134,-2.054921045136367
10,1,0.1,10,150,8,2,0.33616777380731866,-1.8884139201328791
10,1,0.1,10,150,8,3,0.3023938564353504,-1.5156785438713967
10,1,0.1,10,150,16,1,0.26802967564158375,-1.0817134084881106
10,1,0.1,10,150,16,2,0.3180063077546324,-1.6551277534665996
10,1,0.1,10,150,16,3,0.3104709774700471,-1.64985032447543
10,2,0.001,1,50,4,1,0.1630009294475989,0.1806627405186968
10,2,0.001,1,50,4,2,0.16192821949166358,0.1897177910482768
10,2,0.001,1,50,4,3,0.16831980260582322,0.17523831028304826
10,2,0.001,1,50,8,1,0.16184909786673746,0.21934753851261113
10,2,0.001,1,50,8,2,0.16466555562040824,0.17571736414519523
10,2,0.001,1,50,8,3,0.1798300490789032,0.05704147993489839
10,2,0.001,1,50,16,1,0.17886226802576377,0.06608865956050325
10,2,0.001,1,50,16,2,0.18054127840143203,0.031081347788579072
10,2,0.001,1,50,16,3,0.17237714951208088,0.11180135611244513
10,2,0.001,1,100,4,1,0.1578680781713551,0.2793262045083744
10,2,0.001,1,100,4,2,0.1738746710393185,0.1869146331339152
10,2,0.001,1,100,4,3,0.1568113458157992,0.26299566260851504
10,2,0.001,1,100,8,1,0.15518363490946377,0.2448276558569351
10,2,0.001,1,100,8,2,0.15842889506091345,0.27878073431981576
10,2,0.001,1,100,8,3,0.15286242593763102,0.3240829764999482
10,2,0.001,1,100,16,1,0.16538891832020017,0.1360735153713597
10,2,0.001,1,100,16,2,0.16560213405033308,0.23823755883313924
10,2,0.001,1,100,16,3,0.16868453874767014,0.2243632525594762
10,2,0.001,1,150,4,1,0.16307350221543984,0.18431307391006058
10,2,0.001,1,150,4,2,0.16932245863105924,0.2288571746890563
10,2,0.001,1,150,4,3,0.18734251054618073,-0.039297215395469376
10,2,0.001,1,150,8,1,0.1738426620849124,0.07993219671576923
10,2,0.001,1,150,8,2,0.14487767866225001,0.38556108763502517
10,2,0.001,1,150,8,3,0.16949671464319088,0.14419158844643287
10,2,0.001,1,150,16,1,0.14377236111682828,0.34841752335290377
10,2,0.001,1,150,16,2,0.16593510225806576,0.2514913371267432
10,2,0.001,1,150,16,3,0.13906192487186933,0.4100580822262193
10,2,0.001,5,50,4,1,0.18590121949917499,-0.034850374948866225
10,2,0.001,5,50,4,2,0.18539114228213444,0.03835343042242678
10,2,0.001,5,50,4,3,0.18745633876191986,-0.036687469402038264
10,2,0.001,5,50,8,1,0.15763530712445378,0.24468732834428075
10,2,0.001,5,50,8,2,0.18265435630568438,0.027687986294515854
10,2,0.001,5,50,8,3,0.21002073541041696,-0.24981113622922235
10,2,0.001,5,50,16,1,0.1749725700187887,0.1659973979303333
10,2,0.001,5,50,16,2,0.19140934581524985,-0.038545030833099014
10,2,0.001,5,50,16,3,0.17155666733818592,0.11543265320456897
10,2,0.001,5,100,4,1,0.18730095715568795,-0.08871620421596083
10,2,0.001,5,100,4,2,0.18916780608107653,-0.011473707380546871
10,2,0.001,5,100,4,3,0.20729937794220535,-0.34205254990267253
10,2,0.001,5,100,8,1,0.18783480264004598,-0.06715710571483924
10,2,0.001,5,100,8,2,0.16346003698067973,0.18251984048742476
10,2,0.001,5,100,8,3,0.15421906287254136,0.30803003355144065
10,2,0.001,5,100,16,1,0.1644318757271913,0.1747742572069637
10,2,0.001,5,100,16,2,0.16121535556534639,0.1783047755117515
10,2,0.001,5,100,16,3,0.14468221662463462,0.36666405946139047
10,2,0.001,5,150,4,1,0.20751468195313838,-0.2238594107576668
10,2,0.001,5,150,4,2,0.1964324029803352,-0.1436598631970043
10,2,0.001,5,150,4,3,0.20583502132551557,-0.2369666445250478
10,2,0.001,5,150,8,1,0.19095103939550956,-0.10595619430209924
10,2,0.001,5,150,8,2,0.20117510812971443,-0.11328951502240914
10,2,0.001,5,150,8,3,0.17528978604382608,0.11040491720164014
10,2,0.001,5,150,16,1,0.1338868927752333,0.43123499689439027
10,2,0.001,5,150,16,2,0.12926854948023545,0.44846403150807934
10,2,0.001,5,150,16,3,0.17703983548935684,0.1806764987440339
10,2,0.001,10,50,4,1,0.18561411780141637,-0.07903108049045948
10,2,0.001,10,50,4,2,0.17620294948777956,0.12516020250276327
10,2,0.001,10,50,4,3,0.18150158157973598,0.04662953106061152
10,2,0.001,10,50,8,1,0.16073139138875353,0.17993453616854616
10,2,0.001,10,50,8,2,0.17416836493097057,0.05527968411272166
10,2,0.001,10,50,8,3,0.17409948944262127,0.1823711565508519
10,2,0.001,10,50,16,1,0.18505251917010876,-0.07136267485329717
10,2,0.001,10,50,16,2,0.17790708421255313,0.1459531455553752
10,2,0.001,10,50,16,3,0.1765050339751028,0.04631872333396947
10,2,0.001,10,100,4,1,0.20589525227832092,-0.26081124203260453
10,2,0.001,10,100,4,2,0.18325328557383258,-0.014314885828837998
10,2,0.001,10,100,4,3,0.18528750631905438,0.005920602153736798
10,2,0.001,10,100,8,1,0.16819722914555582,0.11222030906284841
10,2,0.001,10,100,8,2,0.17299836918547828,0.05927435807426751
10,2,0.001,10,100,8,3,0.18661074861603716,-0.008635714503461012
10,2,0.001,10,100,16,1,0.1766989088291963,0.044820613875389936
10,2,0.001,10,100,16,2,0.14480316891504752,0.3821072004004168
10,2,0.001,10,100,16,3,0.14044476983337614,0.4302924514896367
10,2,0.001,10,150,4,1,0.1970780513462077,-0.11623276718183795
10,2,0.001,10,150,4,2,0.24339872193347648,-0.7341848449035324
10,2,0.001,10,150,4,3,0.20121435798012918,-0.19512393159256725
10,2,0.001,10,150,8,1,0.19033531085442357,-0.11948877838600547
10,2,0.001,10,150,8,2,0.219215890196892,-0.31034806950290017
10,2,0.001,10,150,8,3,0.16200033245800707,0.15764423165511177
10,2,0.001,10,150,16,1,0.145592309633183,0.3668166754558838
10,2,0.001,10,150,16,2,0.17408101191831535,0.061150947261203514
10,2,0.001,10,150,16,3,0.16766792351937126,0.17997446744151624
10,2,0.01,1,50,4,1,0.2557981642673479,-0.8689822409637808
10,2,0.01,1,50,4,2,0.24728603893919227,-0.8401243229235782
10,2,0.01,1,50,4,3,0.23933713348932734,-0.7524993196894922
10,2,0.01,1,50,8,1,0.26717908373330723,-0.8723223885463034
10,2,0.01,1,50,8,2,0.261339652471152,-0.9177362519987908
10,2,0.01,1,50,8,3,0.22534248407696006,-0.5343377919228505
10,2,0.01,1,50,16,1,0.20231599300814443,-0.22196838502468874
10,2,0.01,1,50,16,2,0.20352915017479922,-0.2924170470527767
10,2,0.01,1,50,16,3,0.2192465513800235,-0.3626383509689619
10,2,0.01,1,100,4,1,0.274659256090717,-1.0670756792997085
10,2,0.01,1,100,4,2,0.26594734446745644,-1.0194637573802559
10,2,0.01,1,100,4,3,0.2808703424645184,-1.1805118073573553
10,2,0.01,1,100,8,1,0.28291947354644176,-1.1136193792755424
10,2,0.01,1,100,8,2,0.263049060978989,-0.9512698126537951
10,2,0.01,1,100,8,3,0.22498768991645401,-0.531050277585627
10,2,0.01,1,100,16,1,0.22098166285878007,-0.4582281486599007
10,2,0.01,1,100,16,2,0.20805042378848224,-0.27170798994113765
10,2,0.01,1,100,16,3,0.22423518431091463,-0.4971902637490515
10,2,0.01,1,150,4,1,0.28350972444468414,-1.2832600652027244
10,2,0.01,1,150,4,2,0.29863728446586324,-1.3976825333375134
10,2,0.01,1,150,4,3,0.2834069751619974,-1.2634865153640118
10,2,0.01,1,150,8,1,0.27663692698597747,-1.2060686645086687
10,2,0.01,1,150,8,2,0.24611675975446162,-0.7933141066538578
10,2,0.01,1,150,8,3,0.2624328692207285,-1.0151577213960947
10,2,0.01,1,150,16,1,0.24950906324230185,-0.7885347149149609
10,2,0.01,1,150,16,2,0.25890099689222845,-0.9390657816920278
10,2,0.01,1,150,16,3,0.2173320399579898,-0.43704688220209786
10,2,0.01,5,50,4,1,0.2549151310064311,-0.9063762587394546
10,2,0.01,5,50,4,2,0.25205710656917485,-0.8637801183166942
10,2,0.01,5,50,4,3,0.26428970789825373,-0.9036421026390473
10,2,0.01,5,50,8,1,0.2879012472558207,-0.9444038414135694
10,2,0.01,5,50,8,2,0.2669167812009277,-0.885251975876199
10,2,0.01,5,50,8,3,0.26218134884119354,-0.8973582674158447
10,2,0.01,5,50,16,1,0.2191654384954371,-0.4903750930304076
10,2,0.01,5,50,16,2,0.24104554893456923,-0.6592526736851785
10,2,0.01,5,50,16,3,0.22643669321390392,-0.5101632003811478
10,2,0.01,5,100,4,1,0.27338611334833857,-0.9936801043513459
10,2,0.01,5,100,4,2,0.28418097435437817,-1.2300467429434145
10,2,0.01,5,100,4,3,0.2709537314223696,-1.0567796018856739
10,2,0.01,5,100,8,1,0.2696915270378426,-0.999208808685182
10,2,0.01,5,100,8,2,0.25403042887599975,-0.8900767053247036
10,2,0.01,5,100,8,3,0.2720071813869969,-1.15228195590316
10,2,0.01,5,100,16,1,0.2609167051784308,-0.9354771072053107
10,2,0.01,5,100,16,2,0.30524134569140526,-1.536233139582563
10,2,0.01,5,100,16,3,0.2636779929787392,-0.9404799713317107
10,2,0.01,5,150,4,1,0.27804379759200115,-1.202379885271311
10,2,0.01,5,150,4,2,0.28823748566086793,-1.2651834366796786
10,2,0.01,5,150,4,3,0.28196823347223915,-1.2043422875393377
10,2,0.01,5,150,8,1,0.25489379637005777,-0.7765926307778732
10,2,0.01,5,150,8,2,0.27006456576232407,-1.0207133490103786
10,2,0.01,5,150,8,3,0.26092545428015723,-0.9122454522979826
10,2,0.01,5,150,16,1,0.2818726480135509,-1.1185674922905888
10,2,0.01,5,150,16,2,0.2599660952374009,-0.9150237264927445
10,2,0.01,5,150,16,3,0.23790961664879873,-0.6992427235645513
10,2,0.01,10,50,4,1,0.2603846472509763,-1.0067127062478227
10,2,0.01,10,50,4,2,0.2672786861518384,-1.0924478051295656
10,2,0.01,10,50,4,3,0.2444156441483723,-0.7262463160167829
10,2,0.01,10,50,8,1,0.25759939882039745,-0.8866398617800741
10,2,0.01,10,50,8,2,0.27792463002531564,-1.1420492737915473
10,2,0.01,10,50,8,3,0.24725637779953022,-0.7743159903118548
10,2,0.01,10,50,16,1,0.24649154130645473,-0.6512151753726874
10,2,0.01,10,50,16,2,0.25097094124943004,-0.8382472960679301
10,2,0.01,10,50,16,3,0.22007929038542073,-0.459831584281283
10,2,0.01,10,100,4,1,0.2923315082172101,-1.3163350579985051
10,2,0.01,10,100,4,2,0.307137933432318,-1.3807944037840945
10,2,0.01,10,100,4,3,0.28331341234253843,-1.2113353735917598
10,2,0.01,10,100,8,1,0.2527312423405694,-0.6843948774622102
10,2,0.01,10,100,8,2,0.27850522573885467,-1.2047744762530428
10,2,0.01,10,100,8,3,0.2770315524029309,-1.1608035300467323
10,2,0.01,10,100,16,1,0.29228282229433444,-1.2233037476925133
10,2,0.01,10,100,16,2,0.2392952106640719,-0.6925437761455766
10,2,0.01,10,100,16,3,0.26273234394242256,-0.8884794980236794
10,2,0.01,10,150,4,1,0.28993716367329003,-1.2897532370201916
10,2,0.01,10,150,4,2,0.2993636707910334,-1.4581150608407811
10,2,0.01,10,150,4,3,0.2756694655995873,-1.1736775923886191
10,2,0.01,10,150,8,1,0.27534430778955293,-1.069399352730608
10,2,0.01,10,150,8,2,0.29976548635972783,-1.445047586796969
10,2,0.01,10,150,8,3,0.28675175099541733,-1.1720937855685651
10,2,0.01,10,150,16,1,0.2641760072143219,-0.9300102507053922
10,2,0.01,10,150,16,2,0.2554406601958273,-0.8161031105710699
10,2,0.01,10,150,16,3,0.2746443060110189,-1.108086846764913
10,2,0.1,1,50,4,1,0.34452444486141726,-1.9470140160319054
10,2,0.1,1,50,4,2,0.34079059148198415,-1.9163788901639305
10,2,0.1,1,50,4,3,0.3688752205125833,-2.202193688672087
10,2,0.1,1,50,8,1,0.3359485387750397,-1.8171300857133659
10,2,0.1,1,50,8,2,0.2881703634452741,-1.3070157335780905
10,2,0.1,1,50,8,3,0.32075693391299714,-1.7077851095290653
10,2,0.1,1,50,16,1,0.3326026692168192,-1.7884531417970186
10,2,0.1,1,50,16,2,0.3024252294428425,-1.5187346690945795
10,2,0.1,1,50,16,3,0.33703603496730417,-1.8794119982078987
10,2,0.1,1,100,4,1,0.30122692683987984,-1.4309502115020551
10,2,0.1,1,100,4,2,0.3757773053884211,-2.2090687184788287
10,2,0.1,1,100,4,3,0.2999193634667811,-1.5100854343369399
10,2,0.1,1,100,8,1,0.36853730114823363,-2.013276805828896
10,2,0.1,1,100,8,2,0.28467395306708854,-1.3026478375359338
10,2,0.1,1,100,8,3,0.2836702372184876,-1.263393472824367
10,2,0.1,1,100,16,1,0.2957180489042351,-1.4148346114582897
10,2,0.1,1,100,16,2,0.3546523693192269,-2.011527126252561
10,2,0.1,1,100,16,3,0.31747917917917573,-1.7135424651370408
10,2,0.1,1,150,4,1,0.3685392416329785,-2.1990476046499206
10,2,0.1,1,150,4,2,0.3734368726527913,-2.1854576113079838
10,2,0.1,1,150,4,3,0.3549185975251028,-2.0645351912347407
10,2,0.1,1,150,8,1,0.3110023336340996,-1.6233275361975577
10,2,0.1,1,150,8,2,0.32166053773704745,-1.7365819010140888
10,2,0.1,1,150,8,3,0.35685933998037656,-2.0341455212374964
10,2,0.1,1,150,16,1,0.3485751371131844,-1.950959944229659
10,2,0.1,1,150,16,2,0.3043396739322235,-1.5300983049236776
10,2,0.1,1,150,16,3,0.32327325308004773,-1.7485806972706261
10,2,0.1,5,50,4,1,0.3175460988415298,-1.7013133773562172
10,2,0.1,5,50,4,2,0.3464230952123014,-1.996840652542681
10,2,0.1,5,50,4,3,0.2995163548916328,-1.4904884262619964
10,2,0.1,5,50,8,1,0.3384258149309988,-1.9062027134378257
10,2,0.1,5,50,8,2,0.3627559587401745,-2.089898369374591
10,2,0.1,5,50,8,3,0.3644462430112042,-2.291406385005634
10,2,0.1,5,50,16,1,0.29561300737394436,-1.4181752609599059
10,2,0.1,5,50,16,2,0.30799286200607934,-1.6209414187250846
10,2,0.1,5,50,16,3,0.28205607083913126,-1.2826461698260752
10,2,0.1,5,100,4,1,0.3786405290279682,-2.2051179538825965
10,2,0.1,5,100,4,2,0.3444415142983683,-1.9824363407459735
10,2,0.1,5,100,4,3,0.3213681413137197,-1.7450139216205147
10,2,0.1,5,100,8,1,0.34474449097569426,-1.9818158599936178
10,2,0.1,5,100,8,2,0.30291713990890895,-1.7184762084217553
10,2,0.1,5,100,8,3,0.34437387630720345,-1.9775804227017835
10,2,0.1,5,100,16,1,0.37592606408373325,-2.37037169385312
10,2,0.1,5,100,16,2,0.33424360602272013,-1.8780972453749967
10,2,0.1,5,100,16,3,0.290123343988695,-1.3809654115304655
10,2,0.1,5,150,4,1,0.3404319904409686,-1.9358161704286312
10,2,0.1,5,150,4,2,0.24823670286114802,-0.3728734048505833
10,2,0.1,5,150,4,3,0.404404311097331,-2.5944461451556133
10,2,0.1,5,150,8,1,0.3004461406597731,-1.4832504079651962
10,2,0.1,5,150,8,2,0.3620475695660738,-2.161418564502949
10,2,0.1,5,150,8,3,0.42647957583099244,-2.8346229525061197
10,2,0.1,5,150,16,1,0.35913536737712926,-2.124964088692036
10,2,0.1,5,150,16,2,0.29129991445799225,-1.3691905160139788
10,2,0.1,5,150,16,3,0.35842641997186964,-2.3982098101717817
10,2,0.1,10,50,4,1,0.34908094483963215,-2.0304939214519053
10,2,0.1,10,50,4,2,0.313316282416022,-1.6509997099222744
10,2,0.1,10,50,4,3,0.30545951999993926,-1.3770650214214966
10,2,0.1,10,50,8,1,0.3359831320882965,-1.9174607758114903
10,2,0.1,10,50,8,2,0.3788734421298625,-2.376715489574768
10,2,0.1,10,50,8,3,0.3731890987972518,-2.4405504376949163
10,2,0.1,10,50,16,1,0.31257934973394325,-1.6431823363593994
10,2,0.1,10,50,16,2,0.3199862634478319,-1.6055957429435521
10,2,0.1,10,50,16,3,0.3193949904464794,-1.6730185600255991
10,2,0.1,10,100,4,1,0.35655635609218755,-2.1551380031771585
10,2,0.1,10,100,4,2,0.6255137401321671,-5.546402233678375
10,2,0.1,10,100,4,3,0.3107031029407432,-1.6189480131964729
10,2,0.1,10,100,8,1,0.4949813613056031,-3.700719670702906
10,2,0.1,10,100,8,2,0.37497207449604814,-2.1712404375721235
10,2,0.1,10,100,8,3,0.3962359961582428,-2.559456818001417
10,2,0.1,10,100,16,1,0.3465133003728614,-2.0281484005806565
10,2,0.1,10,100,16,2,0.2985943472189993,-1.4664531834071663
10,2,0.1,10,100,16,3,0.3337018712029992,-1.8690526818787752
10,2,0.1,10,150,4,1,0.48512619976822297,-3.5728444239168295
10,2,0.1,10,150,4,2,0.5296328687874142,-4.161007148655272
10,2,0.1,10,150,4,3,0.39941950580684416,-2.5938886892272306
10,2,0.1,10,150,8,1,0.3547775588167953,-2.1220131806924214
10,2,0.1,10,150,8,2,0.31402252244150647,-1.6843828149433278
10,2,0.1,10,150,8,3,0.337677398093532,-2.037926882132627
10,2,0.1,10,150,16,1,0.3571997337216189,-2.133821463146678
10,2,0.1,10,150,16,2,0.35643618382717224,-2.1243186705493473
10,2,0.1,10,150,16,3,0.3197893060701055,-1.7351801023633913
50,1,0.001,1,50,4,1,0.10965254376330623,0.6490919913067577
50,1,0.001,1,50,4,2,0.10996361392012109,0.6485173888095095
50,1,0.001,1,50,4,3,0.10134267189573623,0.6924614415329149
50,1,0.001,1,50,8,1,0.08707224195903424,0.7764268490427677
50,1,0.001,1,50,8,2,0.10942774836482151,0.6654716581522031
50,1,0.001,1,50,8,3,0.10629761245258228,0.6895014072512242
50,1,0.001,1,50,16,1,0.09047570407798965,0.7748188539563633
50,1,0.001,1,50,16,2,0.09389201866129929,0.7525286924732588
50,1,0.001,1,50,16,3,0.0921883929720446,0.7696446175892382
50,1,0.001,1,100,4,1,0.11110113732042737,0.6169508548071356
50,1,0.001,1,100,4,2,0.12731354544246118,0.5626286780650562
50,1,0.001,1,100,4,3,0.11771475271063125,0.5899811384851243
50,1,0.001,1,100,8,1,0.11367492946721572,0.6317293654498854
50,1,0.001,1,100,8,2,0.10651408140773536,0.6779493752911772
50,1,0.001,1,100,8,3,0.10287788762263776,0.7033529614595233
50,1,0.001,1,100,16,1,0.09730556058639335,0.7369991146142425
50,1,0.001,1,100,16,2,0.10328065190825178,0.7067713651870504
50,1,0.001,1,100,16,3,0.10451465034657707,0.6873085397304587
50,1,0.001,1,150,4,1,0.1327000762296064,0.5328029544036932
50,1,0.001,1,150,4,2,0.09576708758534902,0.7230110918775434
50,1,0.001,1,150,4,3,0.11884382884120881,0.60258163201131
50,1,0.001,1,150,8,1,0.10849920754810549,0.668168041077142
50,1,0.001,1,150,8,2,0.12931839129334974,0.5699878817752699
50,1,0.001,1,150,8,3,0.11922559051796237,0.6139217767317502
50,1,0.001,1,150,16,1,0.08555985151835341,0.7819635085683121
50,1,0.001,1,150,16,2,0.09532904206027032,0.759616994852184
50,1,0.001,1,150,16,3,0.09772253051298342,0.7270063690623858
50,1,0.001,5,50,4,1,0.09608661994500398,0.7693130241970486
50,1,0.001,5,50,4,2,0.09366527324347025,0.7415377617746679
50,1,0.001,5,50,4,3,0.0663374007047863,0.8761070360808044
50,1,0.001,5,50,8,1,0.09004823412934393,0.7862496071258495
50,1,0.001,5,50,8,2,0.07907886694887345,0.8204950955341315
50,1,0.001,5,50,8,3,0.0989875106188433,0.7517919835734806
50,1,0.001,5,50,16,1,0.0856296779495087,0.7939661253612155
50,1,0.001,5,50,16,2,0.08807269773259566,0.7887357110252159
50,1,0.001,5,50,16,3,0.0748994445395251,0.8415293525958422
50,1,0.001,5,100,4,1,0.07929236432750328,0.8356141811326465
50,1,0.001,5,100,4,2,0.08279411131001896,0.7997531993871847
50,1,0.001,5,100,4,3,0.09560724449075965,0.7331710206545052
50,1,0.001,5,100,8,1,0.08756626269348178,0.7761921804862109
50,1,0.001,5,100,8,2,0.10992854970731473,0.6860024888033764
50,1,0.001,5,100,8,3,0.11241790861513633,0.6636108357837983
50,1,0.001,5,100,16,1,0.08255583944353918,0.8063405965572451
50,1,0.001,5,100,16,2,0.10490759917417244,0.7251032365888472
50,1,0.001,5,100,16,3,0.07731776566026945,0.8262003770640844
50,1,0.001,5,150,4,1,0.10025806875832229,0.6721055336682584
50,1,0.001,5,150,4,2,0.1263527713730898,0.540974183468745
50,1,0.001,5,150,4,3,0.14996774607337018,0.4369333076835943
50,1,0.001,5,150,8,1,0.08597913853858928,0.7951604544337911
50,1,0.001,5,150,8,2,0.09249483458891995,0.7656497033193758
50,1,0.001,5,150,8,3,0.11199785116617726,0.6737935258895027
50,1,0.001,5,150,16,1,0.0862331363020218,0.77956816074843
50,1,0.001,5,150,16,2,0.08790582848406829,0.7835174134443574
50,1,0.001,5,150,16,3,0.08542451219141857,0.8015175654267576
50,1,0.001,10,50,4,1,0.06601861458053794,0.878789332363921
50,1,0.001,10,50,4,2,0.10622857591629013,0.6757437309874208
50,1,0.001,10,50,4,3,0.10090543136953413,0.7262880034372039
50,1,0.001,10,50,8,1,0.09344128157560139,0.7727743633735691
50,1,0.001,10,50,8,2,0.10971743925955837,0.7044805244542176
50,1,0.001,10,50,8,3,0.09822510736940601,0.7562689425849091
50,1,0.001,10,50,16,1,0.0674933493827464,0.8725664753455056
50,1,0.001,10,50,16,2,0.08918965062342199,0.7865305562854197
50,1,0.001,10,50,16,3,0.09211729129010725,0.7886283242778097
50,1,0.001,10,100,4,1,0.13899333785537019,0.4146252528798682
50,1,0.001,10,100,4,2,0.08635201156894277,0.7714016573540998
50,1,0.001,10,100,4,3,0.11045731154972409,0.6601697800220803
50,1,0.001,10,100,8,1,0.10591429775640185,0.6939615460574986
50,1,0.001,10,100,8,2,0.09039939792169127,0.7788198793281308
50,1,0.001,10,100,8,3,0.0688141116166165,0.8680803581662463
50,1,0.001,10,100,16,1,0.07770160164469422,0.841860979837527
50,1,0.001,10,100,16,2,0.07795432330412035,0.8415532414913236
50,1,0.001,10,100,16,3,0.08011246819433641,0.82567339607586
50,1,0.001,10,150,4,1,0.17531592282623165,0.22456831839709324
50,1,0.001,10,150,4,2,0.15947745512461572,0.3346039068305635
50,1,0.001,10,150,4,3,0.1173303969487099,0.624910590649236
50,1,0.001,10,150,8,1,0.07942034353291748,0.8365489781904729
50,1,0.001,10,150,8,2,0.13009316430515808,0.5637593663595815
50,1,0.001,10,150,8,3,0.1133114047316503,0.6546109676554603
50,1,0.001,10,150,16,1,0.10925090756479526,0.6740039291488744
50,1,0.001,10,150,16,2,0.13088438297243338,0.5071417017639182
50,1,0.001,10,150,16,3,0.09910862171486953,0.7280888723990636
50,1,0.01,1,50,4,1,0.21196407257469013,-0.2884000993606872
50,1,0.01,1,50,4,2,0.2189234439249996,-0.3679880162956537
50,1,0.01,1,50,4,3,0.23168215331803776,-0.4574524293984432
50,1,0.01,1,50,8,1,0.14389548668131033,0.36846528900241615
50,1,0.01,1,50,8,2,0.15282931085642923,0.35138049051781317
50,1,0.01,1,50,8,3,0.13864882867646514,0.39386751923684804
50,1,0.01,1,50,16,1,0.16527134031715138,0.26241046160776804
50,1,0.01,1,50,16,2,0.14975442928133448,0.3690986046132386
50,1,0.01,1,50,16,3,0.13901457905084189,0.41662539063043136
50,1,0.01,1,100,4,1,0.2429079220987909,-0.8046614416925097
50,1,0.01,1,100,4,2,0.198757430548089,-0.19354604074134896
50,1,0.01,1,100,4,3,0.23859557657557712,-0.6279774171334183
50,1,0.01,1,100,8,1,0.19194218777915306,-0.11873873087829079
50,1,0.01,1,100,8,2,0.20839987516544675,-0.2466962747645658
50,1,0.01,1,100,8,3,0.17469535173378364,0.09761540673894897
50,1,0.01,1,100,16,1,0.14135462725632023,0.40106860689711554
50,1,0.01,1,100,16,2,0.12921766817310912,0.4829796359316174
50,1,0.01,1,100,16,3,0.14285508460289023,0.40519195458931045
50,1,0.01,1,150,4,1,0.21881063648197377,-0.4266125574806492
50,1,0.01,1,150,4,2,0.25266052875404515,-0.8954041006128115
50,1,0.01,1,150,4,3,0.26178959018243403,-0.9971531184923932
50,1,0.01,1,150,8,1,0.21469853557540394,-0.3742147888553762
50,1,0.01,1,150,8,2,0.20737332498072267,-0.34802018758590214
50,1,0.01,1,150,8,3,0.2240396294253939,-0.45790709145353903
50,1,0.01,1,150,16,1,0.1850420685045613,0.03531431243289618
50,1,0.01,1,150,16,2,0.14648611854188354,0.3324228459762161
50,1,0.01,1,150,16,3,0.17035609393039183,0.2069234601953126
50,1,0.01,5,50,4,1,0.10995611420429446,0.6282272686978605
50,1,0.01,5,50,4,2,0.09387164479720231,0.7059935353264288
50,1,0.01,5,50,4,3,0.2490844648621068,-0.5496024577126113
50,1,0.01,5,50,8,1,0.10207069725144693,0.6773414867117309
50,1,0.01,5,50,8,2,0.23916463110815112,-0.47536139735357397
50,1,0.01,5,50,8,3,0.16027986247296178,0.2164473821701708
50,1,0.01,5,50,16,1,0.12967696994214659,0.5136370397631269
50,1,0.01,5,50,16,2,0.151628999523402,0.38076069326579975
50,1,0.01,5,50,16,3,0.15955683089721703,0.3035982292060575
50,1,0.01,5,100,4,1,0.20387086952055386,0.054308955017559946
50,1,0.01,5,100,4,2,0.09938610033105882,0.7885137284728587
50,1,0.01,5,100,4,3,0.2580047546143459,-0.8901745103218461
50,1,0.01,5,100,8,1,0.17262782121181533,0.14541579822207595
50,1,0.01,5,100,8,2,0.24535020798367535,-0.8799154761665886
50,1,0.01,5,100,8,3,0.17107022444310085,0.1569754866553974
50,1,0.01,5,100,16,1,0.1343391512645457,0.4685167576383453
50,1,0.01,5,100,16,2,0.1727193054390728,0.20772115167569194
50,1,0.01,5,100,16,3,0.17927583495515542,0.00906505417694925
50,1,0.01,5,150,4,1,0.053255697219254244,0.8975287590251722
50,1,0.01,5,150,4,2,0.1718727550715522,0.23659331420009055
50,1,0.01,5,150,4,3,0.22151633117890762,-0.6339468052363308
50,1,0.01,5,150,8,1,0.2203324522373761,-0.12193506540789256
50,1,0.01,5,150,8,2,0.21305053445877098,-0.24862163044529217
50,1,0.01,5,150,8,3,0.17671717385056845,0.19113907743183556
50,1,0.01,5,150,16,1,0.1378652488144467,0.49579100976929846
50,1,0.01,5,150,16,2,0.18338299877551506,0.03763971586624537
50,1,0.01,5,150,16,3,0.20771791923003724,-0.24111369536604554
50,1,0.01,10,50,4,1,0.11109970114836339,0.6320612314371268
50,1,0.01,10,50,4,2,0.1929603746551374,-0.15284056574659788
50,1,0.01,10,50,4,3,0.1542364356820137,0.2968163535470215
50,1,0.01,10,50,8,1,0.10716070848040267,0.6126501680955581
50,1,0.01,10,50,8,2,0.10285021984086624,0.7033780997110488
50,1,0.01,10,50,8,3,0.1180823603467569,0.597239898212448
50,1,0.01,10,50,16,1,0.11136934567928415,0.6004777039516874
50,1,0.01,10,50,16,2,0.12242118939529363,0.515381240805795
50,1,0.01,10,50,16,3,0.10605707888508886,0.6778893143259805
50,1,0.01,10,100,4,1,0.22945577427316838,-0.4723401591632921
50,1,0.01,10,100,4,2,0.19807789700752448,-0.2627739827551183
50,1,0.01,10,100,4,3,0.15552298700462616,0.3432479262778423
50,1,0.01,10,100,8,1,0.199553193099087,0.15257333193897582
50,1,0.01,10,100,8,2,0.11629642422161626,0.6411405364963705
50,1,0.01,10,100,8,3,0.11603314931876836,0.6747772934899339
50,1,0.01,10,100,16,1,0.11135781321912473,0.6510986250007118
50,1,0.01,10,100,16,2,0.17305452517921352,0.14922688032024767
50,1,0.01,10,100,16,3,0.1691071224541362,0.12875577782827108
50,1,0.01,10,150,4,1,0.09993853269328201,0.7141397885111684
50,1,0.01,10,150,4,2,0.07068915818513134,0.8108864473596045
50,1,0.01,10,150,4,3,0.14861609834132142,0.32716239219030163
50,1,0.01,10,150,8,1,0.14046351536912458,0.48778565999352275
50,1,0.01,10,150,8,2,0.1532705594336129,0.3394196927343113
50,1,0.01,10,150,8,3,0.12600560660898755,0.5210027249016423
50,1,0.01,10,150,16,1,0.13826804859214814,0.43441191755677266
50,1,0.01,10,150,16,2,0.1682129987682961,0.234322579384306
50,1,0.01,10,150,16,3,0.16823417421296538,0.2464065515259004
50,1,0.1,1,50,4,1,0.1810377508036076,0.43596261115366686
50,1,0.1,1,50,4,2,0.3416402431671553,-1.9319913192079574
50,1,0.1,1,50,4,3,0.3879849986132181,-2.390402661224726
50,1,0.1,1,50,8,1,0.3389099984428122,-2.190545533874575
50,1,0.1,1,50,8,2,0.2426978022439583,-0.6697427438963033
50,1,0.1,1,50,8,3,0.42537820919321456,-3.459011837241782
50,1,0.1,1,50,16,1,0.21021262045663608,-0.03330039667038709
50,1,0.1,1,50,16,2,0.27940779772974395,-1.195253522317076
50,1,0.1,1,50,16,3,0.27261472591698516,-1.0834282509849649
50,1,0.1,1,100,4,1,0.49521314620357554,-3.8981274009564304
50,1,0.1,1,100,4,2,0.29468899299685397,-1.4268796733251166
50,1,0.1,1,100,4,3,0.3564412925856853,-2.0932692511872886
50,1,0.1,1,100,8,1,0.32035527254452384,-1.5864505209934499
50,1,0.1,1,100,8,2,0.2941777599181308,-1.373243695237675
50,1,0.1,1,100,8,3,0.2970343105873495,-1.4743722389972573
50,1,0.1,1,100,16,1,0.124985182161767,0.6044160205432842
50,1,0.1,1,100,16,2,0.2933450628795525,-1.4211943790384254
50,1,0.1,1,100,16,3,0.37741729744073044,-2.2008055308615377
50,1,0.1,1,150,4,1,0.3716518159218613,-2.216137066560633
50,1,0.1,1,150,4,2,0.3781554139499633,-2.2145371824979714
50,1,0.1,1,150,4,3,0.3058894808338448,-1.5574302566791536
50,1,0.1,1,150,8,1,0.2755070173541543,-1.1158851129655432
50,1,0.1,1,150,8,2,0.3996461930898321,-2.8848398422343666
50,1,0.1,1,150,8,3,0.2820312128462534,-1.2612978741391632
50,1,0.1,1,150,16,1,0.3482188923576714,-2.1418735008874794
50,1,0.1,1,150,16,2,0.2795851152089494,-1.2580056196740954
50,1,0.1,1,150,16,3,0.2974784850664549,-1.4831806826710858
50,1,0.1,5,50,4,1,0.3041027607365597,-1.5616490925805255
50,1,0.1,5,50,4,2,0.3452266369448626,-1.9182135760137844
50,1,0.1,5,50,4,3,0.2871717661049373,-1.137223011399894
50,1,0.1,5,50,8,1,0.245583413502737,-0.6558764288617156
50,1,0.1,5,50,8,2,0.27739641888770356,-1.2241698146912587
50,1,0.1,5,50,8,3,0.3690737689363691,-2.4571777712916223
50,1,0.1,5,50,16,1,0.2085130445776296,-0.25157092198812925
50,1,0.1,5,50,16,2,0.24009615723030156,-0.5174412741101588
50,1,0.1,5,50,16,3,0.15914941045670764,0.2212895543470177
50,1,0.1,5,100,4,1,0.3177872814853951,-1.7120805924473532
50,1,0.1,5,100,4,2,0.3235165296595678,-1.7463609640218043
50,1,0.1,5,100,4,3,0.25863181213717357,-0.7374223144040091
50,1,0.1,5,100,8,1,0.34782357895690574,-1.8838862988309009
50,1,0.1,5,100,8,2,0.2996895998041516,-1.4956176448942142
50,1,0.1,5,100,8,3,0.30385829252283164,-1.5504187218259764
50,1,0.1,5,100,16,1,0.3010125479355939,-1.5247077989731372
50,1,0.1,5,100,16,2,0.2385524060598609,-0.4244720129304289
50,1,0.1,5,100,16,3,0.24314289240562872,-0.6893724883966272
50,1,0.1,5,150,4,1,0.3017703143279292,-1.5183249020430245
50,1,0.1,5,150,4,2,0.3655086258427589,-2.167298274948432
50,1,0.1,5,150,4,3,0.28923162302006383,-1.3886516038197838
50,1,0.1,5,150,8,1,0.3976662544463037,-2.502528611590661
50,1,0.1,5,150,8,2,0.2918305058164026,-1.3940294423703716
50,1,0.1,5,150,8,3,0.29462639006659286,-1.2780926948620706
50,1,0.1,5,150,16,1,0.3066613656630759,-1.5949333928732434
50,1,0.1,5,150,16,2,0.3031255978742889,-1.529807093807145
50,1,0.1,5,150,16,3,0.2869082622926118,-1.3623542322372404
50,1,0.1,10,50,4,1,0.19812759081065381,0.0854800438706581
50,1,0.1,10,50,4,2,0.2939991229915364,-1.2279973854399926
50,1,0.1,10,50,4,3,0.3731629785926258,-2.2972055042544848
50,1,0.1,10,50,8,1,0.40908040768856824,-2.8298758623360185
50,1,0.1,10,50,8,2,0.2974759633085815,-1.48369980672011
50,1,0.1,10,50,8,3,0.310788517838233,-1.506473106690355
50,1,0.1,10,50,16,1,0.16560054270955477,0.2266644144594242
50,1,0.1,10,50,16,2,0.13055377439527613,0.44404838587886375
50,1,0.1,10,50,16,3,0.31851797042796615,-1.8750998448384117
50,1,0.1,10,100,4,1,0.3210616767035469,-1.7554107509443182
50,1,0.1,10,100,4,2,0.26034477740430184,-1.1238621967667641
50,1,0.1,10,100,4,3,0.3089569731419232,-1.5894748484481043
50,1,0.1,10,100,8,1,0.33881328707013997,-2.0735115228973364
50,1,0.1,10,100,8,2,0.32948163290094273,-1.8500274893604627
50,1,0.1,10,100,8,3,0.2595828726453706,-0.8979481719251992
50,1,0.1,10,100,16,1,0.27298449546641035,-1.2015737779673268
50,1,0.1,10,100,16,2,0.21583902424023926,-0.4083617319252104
50,1,0.1,10,100,16,3,0.2219101523355719,-0.45206133751022626
50,1,0.1,10,150,4,1,0.17121739379857084,0.38119023972914357
50,1,0.1,10,150,4,2,0.3299554527318732,-1.8662815153716381
50,1,0.1,10,150,4,3,0.2019594676561977,-0.3221827252184044
50,1,0.1,10,150,8,1,0.32602163706553255,-1.7438267885942138
50,1,0.1,10,150,8,2,0.36418753283609306,-2.207321447809664
50,1,0.1,10,150,8,3,0.3037752852010101,-1.561842565819358
50,1,0.1,10,150,16,1,0.2964030773998706,-1.488152605303021
50,1,0.1,10,150,16,2,0.20834017979338146,-0.16740964452051643
50,1,0.1,10,150,16,3,0.3226995457718967,-2.2982835602715386
50,2,0.001,1,50,4,1,0.14244029319624163,0.4339666423823143
50,2,0.001,1,50,4,2,0.13628823953948235,0.4849000498477508
50,2,0.001,1,50,4,3,0.1279977167824992,0.5143915846242328
50,2,0.001,1,50,8,1,0.1038224382076951,0.6689427755346598
50,2,0.001,1,50,8,2,0.10568682327006383,0.6597222373139221
50,2,0.001,1,50,8,3,0.13953451111217274,0.5023421838868424
50,2,0.001,1,50,16,1,0.11417880960317424,0.644904177579395
50,2,0.001,1,50,16,2,0.11746917946449718,0.6423415060832639
50,2,0.001,1,50,16,3,0.09687914553248846,0.7315950127361934
50,2,0.001,1,100,4,1,0.14654781668595396,0.38404730118335406
50,2,0.001,1,100,4,2,0.14703614863028389,0.4065544132301505
50,2,0.001,1,100,4,3,0.13910944829098304,0.4141997375058495
50,2,0.001,1,100,8,1,0.12732856693424724,0.5494325417473049
50,2,0.001,1,100,8,2,0.11792496285839421,0.5827457328065139
50,2,0.001,1,100,8,3,0.12406692712259025,0.5459606417074263
50,2,0.001,1,100,16,1,0.1064407193094553,0.6634491220138086
50,2,0.001,1,100,16,2,0.09492005603498901,0.7255890146370697
50,2,0.001,1,100,16,3,0.11042354970722704,0.6632999571043319
50,2,0.001,1,150,4,1,0.14698638894878352,0.35478736540660016
50,2,0.001,1,150,4,2,0.14544140938036132,0.3833065019719355
50,2,0.001,1,150,4,3,0.13570289484598902,0.42213425700461327
50,2,0.001,1,150,8,1,0.11797056377107715,0.579981749687303
50,2,0.001,1,150,8,2,0.12783482316559475,0.5221291310067089
50,2,0.001,1,150,8,3,0.12706121803812107,0.5362631711378323
50,2,0.001,1,150,16,1,0.11134867958276763,0.664351415891658
50,2,0.001,1,150,16,2,0.1060331525117547,0.6540183112999376
50,2,0.001,1,150,16,3,0.10632519435058384,0.6586956406457998
50,2,0.001,5,50,4,1,0.14910901717313657,0.3552897431607468
50,2,0.001,5,50,4,2,0.139744211027837,0.4444805248528363
50,2,0.001,5,50,4,3,0.13940645270513186,0.42286521845560043
50,2,0.001,5,50,8,1,0.10553466467734736,0.6676072190290889
50,2,0.001,5,50,8,2,0.11049820074863667,0.6231005418363351
50,2,0.001,5,50,8,3,0.11982299383498292,0.6034440205130076
50,2,0.001,5,50,16,1,0.1232260061187502,0.6089628368127293
50,2,0.001,5,50,16,2,0.13543006627947385,0.5862696233163012
50,2,0.001,5,50,16,3,0.0855667310058266,0.7924128459828459
50,2,0.001,5,100,4,1,0.1567544538647882,0.23418409306952825
50,2,0.001,5,100,4,2,0.15573886627224062,0.25519740434108285
50,2,0.001,5,100,4,3,0.15452366601378342,0.2888086408892063
50,2,0.001,5,100,8,1,0.1263151739238199,0.5112384614991572
50,2,0.001,5,100,8,2,0.1716678770394815,0.21850103082554662
50,2,0.001,5,100,8,3,0.1654237268961416,0.245570452015471
50,2,0.001,5,100,16,1,0.10430714173671407,0.6697244649356333
50,2,0.001,5,100,16,2,0.1079089905255655,0.6407237862742516
50,2,0.001,5,100,16,3,0.11173869651922683,0.6280985690251191
50,2,0.001,5,150,4,1,0.17920520483467425,0.05774443747098246
50,2,0.001,5,150,4,2,0.22401669419474557,-0.3860146204566959
50,2,0.001,5,150,4,3,0.20353640079368157,-0.20910354424009148
50,2,0.001,5,150,8,1,0.19141937744345341,0.027114534206497787
50,2,0.001,5,150,8,2,0.1543051913494952,0.3010859267996491
50,2,0.001,5,150,8,3,0.1616732731597925,0.20019028875792633
50,2,0.001,5,150,16,1,0.12722437339278023,0.5341557068266218
50,2,0.001,5,150,16,2,0.1426733144906657,0.42218758531174605
50,2,0.001,5,150,16,3,0.12557509032271258,0.5297503152787479
50,2,0.001,10,50,4,1,0.14448450932261972,0.4181789453671877
50,2,0.001,10,50,4,2,0.10571523079880576,0.6462981187528412
50,2,0.001,10,50,4,3,0.1446696921932014,0.37456402809665545
50,2,0.001,10,50,8,1,0.1047285241801413,0.6662653484850298
50,2,0.001,10,50,8,2,0.12432977692776126,0.5676462631698026
50,2,0.001,10,50,8,3,0.1370766105682163,0.47177065468279
50,2,0.001,10,50,16,1,0.1098035741353106,0.6644846503584585
50,2,0.001,10,50,16,2,0.07499084532437249,0.8257707958898302
50,2,0.001,10,50,16,3,0.1016068675078246,0.6950368017238272
50,2,0.001,10,100,4,1,0.15970105183099728,0.27470192038201213
50,2,0.001,10,100,4,2,0.1715677792326378,0.11510691503004333
50,2,0.001,10,100,4,3,0.17930528593528156,0.08833718724283024
50,2,0.001,10,100,8,1,0.14979125064779908,0.29115374886266343
50,2,0.001,10,100,8,2,0.14580620500366764,0.39798309437461554
50,2,0.001,10,100,8,3,0.14880705060308255,0.3933869608232896
50,2,0.001,10,100,16,1,0.1301339762727268,0.47690812600634946
50,2,0.001,10,100,16,2,0.0965092740348929,0.7269341141690058
50,2,0.001,10,100,16,3,0.11528026377164684,0.6043996676118436
50,2,0.001,10,150,4,1,0.18586395995315824,0.08641543456207523
50,2,0.001,10,150,4,2,0.2043984946098304,-0.20925770413312783
50,2,0.001,10,150,4,3,0.18149450352427057,0.02021653627092934
50,2,0.001,10,150,8,1,0.16849425041255428,0.1487780835022211
50,2,0.001,10,150,8,2,0.18281492298361812,0.03197231262397415
50,2,0.001,10,150,8,3,0.20709574382540413,-0.2626038987858017
50,2,0.001,10,150,16,1,0.1461078840192606,0.40548188884777225
50,2,0.001,10,150,16,2,0.11909889289935487,0.5707678328524217
50,2,0.001,10,150,16,3,0.13316934825951482,0.4893881332553215
50,2,0.01,1,50,4,1,0.27521760095707437,-1.0643281844159733
50,2,0.01,1,50,4,2,0.27265887627234153,-1.0756663693997965
50,2,0.01,1,50,4,3,0.27272843336374014,-1.0991988423847618
50,2,0.01,1,50,8,1,0.2502853564775729,-0.7626090849926943
50,2,0.01,1,50,8,2,0.22365249316577127,-0.46034897601710023
50,2,0.01,1,50,8,3,0.22440405900296856,-0.5050895943446785
50,2,0.01,1,50,16,1,0.1762727476773811,0.07852428325748373
50,2,0.01,1,50,16,2,0.19761811485891553,-0.15487225256732362
50,2,0.01,1,50,16,3,0.17748604900181936,0.10062654439297403
50,2,0.01,1,100,4,1,0.25929959226708077,-0.954874434127785
50,2,0.01,1,100,4,2,0.27782586853595354,-1.0032821281753113
50,2,0.01,1,100,4,3,0.27626309803397747,-1.1240499053774577
50,2,0.01,1,100,8,1,0.24883167598907266,-0.8493859910904769
50,2,0.01,1,100,8,2,0.2599310570865271,-0.9716330669785069
50,2,0.01,1,100,8,3,0.2608771420214469,-0.9369619753731473
50,2,0.01,1,100,16,1,0.21627469160993532,-0.3798823072728077
50,2,0.01,1,100,16,2,0.2211881605363155,-0.4357536259850201
50,2,0.01,1,100,16,3,0.22825788134664923,-0.5170764674296822
50,2,0.01,1,150,4,1,0.3151398352312864,-1.455695318904254
50,2,0.01,1,150,4,2,0.2937649436179015,-1.229407995378331
50,2,0.01,1,150,4,3,0.25043305604936905,-0.8843068412524877
50,2,0.01,1,150,8,1,0.2632746230551619,-0.9189574353155141
50,2,0.01,1,150,8,2,0.29592526630351823,-1.2860762291490402
50,2,0.01,1,150,8,3,0.29271484247289764,-1.231166477934563
50,2,0.01,1,150,16,1,0.25600156323329265,-0.7656493642863378
50,2,0.01,1,150,16,2,0.27845319116013795,-1.0445726072441142
50,2,0.01,1,150,16,3,0.23355127732011702,-0.6156789358935795
50,2,0.01,5,50,4,1,0.26079983830101316,-0.8340052101736888
50,2,0.01,5,50,4,2,0.22012899448776085,-0.49639937777190624
50,2,0.01,5,50,4,3,0.28420484151191977,-1.1783560038699439
50,2,0.01,5,50,8,1,0.2486414213534736,-0.7685941838792176
50,2,0.01,5,50,8,2,0.23469286444386345,-0.6077687250473895
50,2,0.01,5,50,8,3,0.22929185362980783,-0.5330069787164944
50,2,0.01,5,50,16,1,0.1915154182558388,-0.10966157217192984
50,2,0.01,5,50,16,2,0.22468174872660712,-0.3459403475768936
50,2,0.01,5,50,16,3,0.21583365213892286,-0.2730234697150242
50,2,0.01,5,100,4,1,0.2635845142752821,-0.8385910951100977
50,2,0.01,5,100,4,2,0.28227095989601914,-1.1939314256127047
50,2,0.01,5,100,4,3,0.280132890348503,-1.1329118242816563
50,2,0.01,5,100,8,1,0.28257531344614834,-1.0759611128826525
50,2,0.01,5,100,8,2,0.27223901083641877,-0.9754846557561496
50,2,0.01,5,100,8,3,0.26265087188881164,-0.9389597335315218
50,2,0.01,5,100,16,1,0.26559990895990027,-0.7746622448462435
50,2,0.01,5,100,16,2,0.2026611104896037,-0.242153966421222
50,2,0.01,5,100,16,3,0.2552877247528016,-0.8125113788031919
50,2,0.01,5,150,4,1,0.3259628370102721,-1.4642760551090146
50,2,0.01,5,150,4,2,0.28703433874278017,-1.1156018436170219
50,2,0.01,5,150,4,3,0.2651026049126542,-0.9036437145115666
50,2,0.01,5,150,8,1,0.25938683219210606,-0.7838106729292205
50,2,0.01,5,150,8,2,0.2851844469034651,-1.124377620143302
50,2,0.01,5,150,8,3,0.2873111111180278,-1.0930180101950109
50,2,0.01,5,150,16,1,0.29188581854928736,-1.165407431820816
50,2,0.01,5,150,16,2,0.27014935313110017,-0.9332109472185108
50,2,0.01,5,150,16,3,0.2726708348040405,-0.9689511404067779
50,2,0.01,10,50,4,1,0.2847689607844298,-1.0230343749176316
50,2,0.01,10,50,4,2,0.2827579837317192,-1.14093820017538
50,2,0.01,10,50,4,3,0.2514750754319401,-0.8194890031008528
50,2,0.01,10,50,8,1,0.24583037707310956,-0.6295875003599103
50,2,0.01,10,50,8,2,0.2836045961965273,-0.9478481224825444
50,2,0.01,10,50,8,3,0.2684852699326193,-0.9646117568462278
50,2,0.01,10,50,16,1,0.23302085276378326,-0.321204574539224
50,2,0.01,10,50,16,2,0.17422942743424139,0.0621468031375475
50,2,0.01,10,50,16,3,0.22268765817944972,-0.3888069218051178
50,2,0.01,10,100,4,1,0.24052462915203546,-0.7064325086479355
50,2,0.01,10,100,4,2,0.24809582424130402,-0.6362546041437698
50,2,0.01,10,100,4,3,0.2640396565790634,-0.9347313706163056
50,2,0.01,10,100,8,1,0.22414754259393427,-0.4687409790708734
50,2,0.01,10,100,8,2,0.2585521888834629,-0.8175224944657189
50,2,0.01,10,100,8,3,0.22821119304822451,-0.3143926595434656
50,2,0.01,10,100,16,1,0.23196404845438579,-0.46262401445091794
50,2,0.01,10,100,16,2,0.2561135013333524,-0.833068698147297
50,2,0.01,10,100,16,3,0.20723819653170292,-0.20131000065456495
50,2,0.01,10,150,4,1,0.25613027688087375,-0.8711223932608934
50,2,0.01,10,150,4,2,0.29309334892744426,-1.1592938569590743
50,2,0.01,10,150,4,3,0.2790919398296327,-1.0815773185649373
50,2,0.01,10,150,8,1,0.29374450403265223,-1.344223903910764
50,2,0.01,10,150,8,2,0.2898592558617475,-1.1950573946488774
50,2,0.01,10,150,8,3,0.2866690203403977,-1.1682725922846378
50,2,0.01,10,150,16,1,0.2703302812719498,-0.8271549965296845
50,2,0.01,10,150,16,2,0.2789459988280246,-1.0798287992739288
50,2,0.01,10,150,16,3,0.25724472212278177,-0.8718354806184143
50,2,0.1,1,50,4,1,0.3185146837992619,-1.6947564509641415
50,2,0.1,1,50,4,2,0.3982719482018591,-2.495513755710725
50,2,0.1,1,50,4,3,0.33336097114040447,-1.8490570023051012
50,2,0.1,1,50,8,1,0.33545505311504414,-1.8659216808135999
50,2,0.1,1,50,8,2,0.28629288312040074,-1.27110238167917
50,2,0.1,1,50,8,3,0.34750332952214685,-1.9703652912975134
50,2,0.1,1,50,16,1,0.3269189721946292,-1.772628217533517
50,2,0.1,1,50,16,2,0.2964342393060079,-1.4265996236163634
50,2,0.1,1,50,16,3,0.30333032458056214,-1.3205524590256612
50,2,0.1,1,100,4,1,0.3698510974051014,-2.2117499974807364
50,2,0.1,1,100,4,2,0.28394463913220314,-1.2331335065458169
50,2,0.1,1,100,4,3,0.34115019446987505,-1.8946692641390452
50,2,0.1,1,100,8,1,0.3779665942267695,-2.2421007015845045
50,2,0.1,1,100,8,2,0.3006418341119992,-1.5156075490151544
50,2,0.1,1,100,8,3,0.33921546047689255,-1.8577062423500372
50,2,0.1,1,100,16,1,0.3192619592379379,-1.45933719178996
50,2,0.1,1,100,16,2,0.28089364280579937,-1.2496140662578519
50,2,0.1,1,100,16,3,0.3324980818163312,-1.830389851521963
50,2,0.1,1,150,4,1,0.2879556704095074,-0.8725315903810491
50,2,0.1,1,150,4,2,0.2729162678376992,-1.0765778480148867
50,2,0.1,1,150,4,3,0.40268925154611984,-2.4738447587811625
50,2,0.1,1,150,8,1,0.3089920733817149,-1.6043952705738924
50,2,0.1,1,150,8,2,0.33015676409253164,-1.818756999506033
50,2,0.1,1,150,8,3,0.3676589623958859,-2.1849814171859796
50,2,0.1,1,150,16,1,0.30918810166838295,-1.5784434478616438
50,2,0.1,1,150,16,2,0.2948919177851919,-1.413743084565871
50,2,0.1,1,150,16,3,0.323570051184979,-1.6922210569760066
50,2,0.1,5,50,4,1,0.4005982115711636,-2.431614372914337
50,2,0.1,5,50,4,2,0.33318945034106096,-1.8040211364862464
50,2,0.1,5,50,4,3,0.19203769275255028,0.17767058694996307
50,2,0.1,5,50,8,1,0.44153188921508685,-2.997222007550263
50,2,0.1,5,50,8,2,0.292983538794266,-1.2992695963467358
50,2,0.1,5,50,8,3,0.6457906275863816,-6.744014420058073
50,2,0.1,5,50,16,1,0.3740318684044214,-2.1526147839829015
50,2,0.1,5,50,16,2,0.20827304999031868,-0.15400117946471603
50,2,0.1,5,50,16,3,0.31207857595634036,-1.6282705793648864
50,2,0.1,5,100,4,1,0.4108300003791823,-2.671107843652804
50,2,0.1,5,100,4,2,0.3589328809181581,-1.8486259908880824
50,2,0.1,5,100,4,3,0.4124362611779964,-2.6884140926948703
50,2,0.1,5,100,8,1,0.28385564325840185,-1.151088637711211
50,2,0.1,5,100,8,2,0.307407207584009,-1.5903309618121293
50,2,0.1,5,100,8,3,0.35455743428627107,-1.9971841963810126
50,2,0.1,5,100,16,1,0.2987682002173324,-1.4821296714374017
50,2,0.1,5,100,16,2,0.3809123395230212,-2.3628431752957857
50,2,0.1,5,100,16,3,0.3589969968548938,-2.11446970720164
50,2,0.1,5,150,4,1,0.4880001815577991,-3.554739888575104
50,2,0.1,5,150,4,2,0.35348545857658037,-1.7316019871095376
50,2,0.1,5,150,4,3,0.5556350203811403,-4.34037080338598
50,2,0.1,5,150,8,1,0.34073475511817397,-1.8641171871506206
50,2,0.1,5,150,8,2,0.3090433367608087,-1.4381970500868508
50,2,0.1,5,150,8,3,0.3822313657089414,-2.3685133307302735
50,2,0.1,5,150,16,1,0.3699827282149748,-2.2709905751204302
50,2,0.1,5,150,16,2,0.3248749394342647,-1.476727595404701
50,2,0.1,5,150,16,3,0.31786906044911856,-1.698353543776446
50,2,0.1,10,50,4,1,0.5075203500897127,-3.868049258289476
50,2,0.1,10,50,4,2,0.37162827443034785,-2.1776821277592995
50,2,0.1,10,50,4,3,0.2906020332864203,-1.1161466435475638
50,2,0.1,10,50,8,1,0.3847076148481294,-2.0720742766705893
50,2,0.1,10,50,8,2,0.5157854217814815,-3.9693592507265993
50,2,0.1,10,50,8,3,0.45501840928969567,-3.182813959941728
50,2,0.1,10,50,16,1,0.25805771774783554,-0.8129801384638271
50,2,0.1,10,50,16,2,0.4099490978998727,-2.7100418890661455
50,2,0.1,10,50,16,3,0.35878233296708845,-2.566963810642919
50,2,0.1,10,100,4,1,0.37224185605511795,-1.7422566141511218
50,2,0.1,10,100,4,2,0.5160220146085392,-3.960721662778054
50,2,0.1,10,100,4,3,0.43134169018045593,-2.74382333567568
50,2,0.1,10,100,8,1,0.28466743098289643,-1.1651551150622432
50,2,0.1,10,100,8,2,0.35686323343443477,-2.1442672284166626
50,2,0.1,10,100,8,3,0.3647876416789148,-2.1807256394392986
50,2,0.1,10,100,16,1,0.49156751639876484,-3.9214905526163957
50,2,0.1,10,100,16,2,0.3593837606209706,-2.1569027273661567
50,2,0.1,10,100,16,3,0.5101679555283024,-3.984594197685917
50,2,0.1,10,150,4,1,0.4997742764190194,-3.770157002964252
50,2,0.1,10,150,4,2,0.35527395637378667,-2.126987984635752
50,2,0.1,10,150,4,3,0.4793483019096579,-3.493176431369646
50,2,0.1,10,150,8,1,0.5261724929226045,-4.1147234164527955
50,2,0.1,10,150,8,2,0.6161865003980133,-5.402906759189979
50,2,0.1,10,150,8,3,0.4607581821775454,-3.148803891666226
50,2,0.1,10,150,16,1,0.41663044878300626,-2.867992718551852
50,2,0.1,10,150,16,2,0.43506842431054793,-2.989483049737603
50,2,0.1,10,150,16,3,0.5195162387891928,-4.239538240864886
100,1,0.001,1,50,4,1,0.12023684900565963,0.6485355920288741
100,1,0.001,1,50,4,2,0.08331500215468811,0.7937594544946631
100,1,0.001,1,50,4,3,0.12632753762575047,0.6475131536258338
100,1,0.001,1,50,8,1,0.07877268329540742,0.8321004660105564
100,1,0.001,1,50,8,2,0.0634584487109715,0.88608489643501
100,1,0.001,1,50,8,3,0.06850707975858812,0.871807348222605
100,1,0.001,1,50,16,1,0.0778935338222029,0.8408986623547227
100,1,0.001,1,50,16,2,0.08043891886292638,0.8422200956834722
100,1,0.001,1,50,16,3,0.07479112664062161,0.8542704773472155
100,1,0.001,1,100,4,1,0.10356137320189737,0.6908145520248206
100,1,0.001,1,100,4,2,0.09394793634536586,0.7383278383473079
100,1,0.001,1,100,4,3,0.1167743923056142,0.6233004689693127
100,1,0.001,1,100,8,1,0.06813425651321799,0.8648843862132697
100,1,0.001,1,100,8,2,0.08360783549615027,0.7982443405019444
100,1,0.001,1,100,8,3,0.08764443982318228,0.7754416693993196
100,1,0.001,1,100,16,1,0.07092156783209441,0.8615434843143708
100,1,0.001,1,100,16,2,0.08102970155978248,0.8341993626764932
100,1,0.001,1,100,16,3,0.061011429147576256,0.8963121995307869
100,1,0.001,1,150,4,1,0.10725446821548285,0.6754284635245316
100,1,0.001,1,150,4,2,0.11357345822700685,0.6337921905535979
100,1,0.001,1,150,4,3,0.11948584014492826,0.5922805760324548
100,1,0.001,1,150,8,1,0.08330476333807268,0.8003805035871362
100,1,0.001,1,150,8,2,0.1068816659651104,0.7045216919639625
100,1,0.001,1,150,8,3,0.07974244528051266,0.8127661595002817
100,1,0.001,1,150,16,1,0.07840440102628789,0.8324850923432597
100,1,0.001,1,150,16,2,0.08954687669430338,0.8025530799631191
100,1,0.001,1,150,16,3,0.08270752367705543,0.8112635349617194
100,1,0.001,5,50,4,1,0.0854465046401981,0.7915885453376214
100,1,0.001,5,50,4,2,0.10206029864251685,0.7061715428738233
100,1,0.001,5,50,4,3,0.0857229549460912,0.8043374984283351
100,1,0.001,5,50,8,1,0.09314124081801112,0.7672807389138765
100,1,0.001,5,50,8,2,0.1263229075704164,0.6657516402477505
100,1,0.001,5,50,8,3,0.08357552219331248,0.8274824157029863
100,1,0.001,5,50,16,1,0.08556792319212288,0.8208249702380565
100,1,0.001,5,50,16,2,0.07201213955489544,0.8668287154019195
100,1,0.001,5,50,16,3,0.0711470399670607,0.8691366757436116
100,1,0.001,5,100,4,1,0.08688668150300376,0.7950522331100947
100,1,0.001,5,100,4,2,0.10987271404393598,0.6653626987201514
100,1,0.001,5,100,4,3,0.05114248396447557,0.9366869923825683
100,1,0.001,5,100,8,1,0.0735408303262676,0.8440097465856792
100,1,0.001,5,100,8,2,0.07612285929948462,0.8513267960004718
100,1,0.001,5,100,8,3,0.07739896952540602,0.8296228193505291
100,1,0.001,5,100,16,1,0.07366720089356306,0.8596058910659732
100,1,0.001,5,100,16,2,0.09321263592641309,0.7903758735022741
100,1,0.001,5,100,16,3,0.09521203950335111,0.7796057385264796
100,1,0.001,5,150,4,1,0.11587659295261651,0.6394885042915462
100,1,0.001,5,150,4,2,0.09756870218377106,0.7501508225592982
100,1,0.001,5,150,4,3,0.05063758698874861,0.9425917637474324
100,1,0.001,5,150,8,1,0.09143629042485732,0.7652094282712878
100,1,0.001,5,150,8,2,0.09188571564684143,0.7856100445407697
100,1,0.001,5,150,8,3,0.06429498996149444,0.8901058414405371
100,1,0.001,5,150,16,1,0.06993942549869658,0.866234885509663
100,1,0.001,5,150,16,2,0.05879460750882066,0.9090096226964797
100,1,0.001,5,150,16,3,0.06382523903394238,0.8877344063633547
100,1,0.001,10,50,4,1,0.07433763096451843,0.8554521245996578
100,1,0.001,10,50,4,2,0.07689474954415922,0.8387874386814849
100,1,0.001,10,50,4,3,0.08616601872308058,0.8200240027776519
100,1,0.001,10,50,8,1,0.07347207142257783,0.8507606160040809
100,1,0.001,10,50,8,2,0.08270293763321145,0.8316323048581522
100,1,0.001,10,50,8,3,0.05057145579962321,0.940097012708632
100,1,0.001,10,50,16,1,0.07831414622744412,0.8425023297739994
100,1,0.001,10,50,16,2,0.06019757421951136,0.9071490450194759
100,1,0.001,10,50,16,3,0.0680322027421625,0.8889577610192128
100,1,0.001,10,100,4,1,0.10759542790916012,0.6753539546037495
100,1,0.001,10,100,4,2,0.0717350625788771,0.8609777046195434
100,1,0.001,10,100,4,3,0.07385675640948916,0.8543460778610293
100,1,0.001,10,100,8,1,0.10765455789157367,0.6803781197537702
100,1,0.001,10,100,8,2,0.07293818678812447,0.85431457317822
100,1,0.001,10,100,8,3,0.06160534959016478,0.898355739311566
100,1,0.001,10,100,16,1,0.07337798986237272,0.8553873196919168
100,1,0.001,10,100,16,2,0.06462278470284438,0.8897510557371355
100,1,0.001,10,100,16,3,0.07623276342462683,0.8497208258998084
100,1,0.001,10,150,4,1,0.12830630460985082,0.5359382347439239
100,1,0.001,10,150,4,2,0.12000381537144017,0.6161781541272018
100,1,0.001,10,150,4,3,0.11950086220277738,0.6091527998955412
100,1,0.001,10,150,8,1,0.12056849747688438,0.6237588147700908
100,1,0.001,10,150,8,2,0.096500531289352,0.7470735382098409
100,1,0.001,10,150,8,3,0.08139913114644072,0.8074555991275287
100,1,0.001,10,150,16,1,0.0728057730996902,0.8625563813970897
100,1,0.001,10,150,16,2,0.0789435598574251,0.8365574178050038
100,1,0.001,10,150,16,3,0.07602699626005993,0.851103744810865
100,1,0.01,1,50,4,1,0.20789577278204482,-0.37615548002009835
100,1,0.01,1,50,4,2,0.17512574520330887,0.06744759909095299
100,1,0.01,1,50,4,3,0.18637565888193772,-0.11166956267298689
100,1,0.01,1,50,8,1,0.1566480085084047,0.2536884069951467
100,1,0.01,1,50,8,2,0.1815576841065497,0.20336579085719675
100,1,0.01,1,50,8,3,0.16176697801107945,0.24080784953336276
100,1,0.01,1,50,16,1,0.15772517187797236,0.3586039368056112
100,1,0.01,1,50,16,2,0.1664244231089761,0.31225516036422796
100,1,0.01,1,50,16,3,0.1438925932059271,0.3856110187902396
100,1,0.01,1,100,4,1,0.24754741267067545,-0.8585164899757891
100,1,0.01,1,100,4,2,0.22471976103600813,-0.5318892918508695
100,1,0.01,1,100,4,3,0.224897058574128,-0.49744549772151214
100,1,0.01,1,100,8,1,0.17730672949287837,0.04742781707585719
100,1,0.01,1,100,8,2,0.16068429855257718,0.244882943510506
100,1,0.01,1,100,8,3,0.15739730650785583,0.18787409836523306
100,1,0.01,1,100,16,1,0.1677719893314481,0.22709100291721984
100,1,0.01,1,100,16,2,0.15399717056932338,0.28336876079205087
100,1,0.01,1,100,16,3,0.1397652576756281,0.43255033626538764
100,1,0.01,1,150,4,1,0.271770824055614,-1.0160302829600671
100,1,0.01,1,150,4,2,0.181019702190489,0.1372605810894849
100,1,0.01,1,150,4,3,0.24835999724544844,-0.7849261798090112
100,1,0.01,1,150,8,1,0.20460325643902635,-0.27080268132998664
100,1,0.01,1,150,8,2,0.17839003922531949,0.0036863075797634037
100,1,0.01,1,150,8,3,0.1938582773004174,-0.09585027470785934
100,1,0.01,1,150,16,1,0.1286777258925669,0.48982680899118336
100,1,0.01,1,150,16,2,0.16667257456309034,0.19741615572961113
100,1,0.01,1,150,16,3,0.17280582852875045,0.17608690056301346
100,1,0.01,5,50,4,1,0.2395446459768578,-0.5180062321450531
100,1,0.01,5,50,4,2,0.1336707210810805,0.44252549168315414
100,1,0.01,5,50,4,3,0.14349605440871802,0.39673742736764905
100,1,0.01,5,50,8,1,0.11882261583819038,0.5772382849843289
100,1,0.01,5,50,8,2,0.10410339858380777,0.6526722178705238
100,1,0.01,5,50,8,3,0.18001667996458118,0.05122932520343937
100,1,0.01,5,50,16,1,0.10829620406637486,0.6531011306302705
100,1,0.01,5,50,16,2,0.11398090862297477,0.6895007622551832
100,1,0.01,5,50,16,3,0.07830257589612828,0.7962480316192937
100,1,0.01,5,100,4,1,0.132360798655833,0.43919960944933956
100,1,0.01,5,100,4,2,0.20446926034819002,-0.07998546083126734
100,1,0.01,5,100,4,3,0.1557831747408857,0.3961587827347378
100,1,0.01,5,100,8,1,0.16436763145791222,0.2864415869620408
100,1,0.01,5,100,8,2,0.1373430881694253,0.461286575578576
100,1,0.01,5,100,8,3,0.17830863180092194,0.07234000706183952
100,1,0.01,5,100,16,1,0.15326926321651196,0.30417032412602696
100,1,0.01,5,100,16,2,0.2025016771183807,-0.189735499949226
100,1,0.01,5,100,16,3,0.18641263117643705,0.05401849316700258
100,1,0.01,5,150,4,1,0.17530377445058534,0.18942506669482606
100,1,0.01,5,150,4,2,0.19289927529249265,-0.008334967073898802
100,1,0.01,5,150,4,3,0.18925484087913771,0.17835327207360663
100,1,0.01,5,150,8,1,0.16115975489312132,0.4067048722017431
100,1,0.01,5,150,8,2,0.2065116332593283,-0.21969727939574124
100,1,0.01,5,150,8,3,0.1850220685126712,-0.010539110591607503
100,1,0.01,5,150,16,1,0.19164513775108472,0.06366876385528941
100,1,0.01,5,150,16,2,0.1952651196125302,0.051078126509657595
100,1,0.01,5,150,16,3,0.17372830641432832,0.12692000689845617
100,1,0.01,10,50,4,1,0.2142377029025038,-0.4390869404197988
100,1,0.01,10,50,4,2,0.15449249009980973,0.1390423685571417
100,1,0.01,10,50,4,3,0.19513890582768625,-0.26592218398380907
100,1,0.01,10,50,8,1,0.10806021387160213,0.621842671140469
100,1,0.01,10,50,8,2,0.1777043136723162,0.11568082592758877
100,1,0.01,10,50,8,3,0.1184737405278909,0.5744835166356514
100,1,0.01,10,50,16,1,0.1086735368920099,0.6889495242135142
100,1,0.01,10,50,16,2,0.09756626719205984,0.7018117501629397
100,1,0.01,10,50,16,3,0.16221126106168274,0.23883208225895647
100,1,0.01,10,100,4,1,0.1743964688127578,0.28405274648070955
100,1,0.01,10,100,4,2,0.16835663382487343,0.12810939493242524
100,1,0.01,10,100,4,3,0.08821301409523986,0.7430185650923946
100,1,0.01,10,100,8,1,0.14874924839521497,0.34642612098512826
100,1,0.01,10,100,8,2,0.17351931896557873,0.20661000902785331
100,1,0.01,10,100,8,3,0.13581555221669894,0.5350502170499342
100,1,0.01,10,100,16,1,0.10830275886876499,0.6426811297330441
100,1,0.01,10,100,16,2,0.0441946270992506,0.9552633254339874
100,1,0.01,10,100,16,3,0.09362249337002648,0.8073578873002664
100,1,0.01,10,150,4,1,0.25119121538414796,-0.6755201251523861
100,1,0.01,10,150,4,2,0.15894796759744512,0.21960753303248026
100,1,0.01,10,150,4,3,0.09174675749814222,0.825938860341805
100,1,0.01,10,150,8,1,0.20355109028418986,0.0036570852675030796
100,1,0.01,10,150,8,2,0.15452607316444206,0.29903776500742174
100,1,0.01,10,150,8,3,0.1868887715975262,0.16414544153951838
100,1,0.01,10,150,16,1,0.1389485455030209,0.42460397671639927
100,1,0.01,10,150,16,2,0.2068693913789982,-0.12940462760054205
100,1,0.01,10,150,16,3,0.0791957717758169,0.8334448946730215
100,1,0.1,1,50,4,1,0.3804852953775753,-3.879405011668254
100,1,0.1,1,50,4,2,0.38845268116905446,-2.4618224641249635
100,1,0.1,1,50,4,3,0.2888782580494263,-1.5084974910123021
100,1,0.1,1,50,8,1,0.31169991160361515,-1.4866617509668534
100,1,0.1,1,50,8,2,0.28116298296009007,-1.2862821859032785
100,1,0.1,1,50,8,3,0.40264617537603753,-3.8720464984671343
100,1,0.1,1,50,16,1,0.2677596684732788,-0.6136070366098485
100,1,0.1,1,50,16,2,0.258027300769604,-0.4243199994587723
100,1,0.1,1,50,16,3,0.34308680390602686,-1.6148814379566265
100,1,0.1,1,100,4,1,0.34292814199669813,-1.831825079364085
100,1,0.1,1,100,4,2,0.3110928613671191,-2.13284354559293
100,1,0.1,1,100,4,3,0.3027997796060165,-1.5155460211527045
100,1,0.1,1,100,8,1,0.23263777397774127,-0.2782925245399126
100,1,0.1,1,100,8,2,0.3178815684865845,-1.9315538121292661
100,1,0.1,1,100,8,3,0.40866291499215524,-3.659085030741343
100,1,0.1,1,100,16,1,0.32796518447343326,-1.7963831608989134
100,1,0.1,1,100,16,2,0.3197062212825777,-1.684072025914534
100,1,0.1,1,100,16,3,0.28692746108082823,-1.2957464892816861
100,1,0.1,1,150,4,1,0.32104118955058153,-1.7134433556709117
100,1,0.1,1,150,4,2,0.3230006047221176,-1.6456508021540972
100,1,0.1,1,150,4,3,0.31976033566097134,-0.9577918365406637
100,1,0.1,1,150,8,1,0.3203117979900949,-1.5938358991348651
100,1,0.1,1,150,8,2,0.35571385277802686,-2.9525649968022125
100,1,0.1,1,150,8,3,0.4043537732349041,-2.5378868375315227
100,1,0.1,1,150,16,1,0.33928507713318445,-2.137888357777532
100,1,0.1,1,150,16,2,0.31226410175515734,-1.5550260127555444
100,1,0.1,1,150,16,3,0.1829927888881855,0.37236832596503644
100,1,0.1,5,50,4,1,0.25594484611646795,-0.7630161178867523
100,1,0.1,5,50,4,2,0.15271150052529534,0.6365473082891289
100,1,0.1,5,50,4,3,0.2602109829921744,-0.9491879473805789
100,1,0.1,5,50,8,1,0.2956603998954881,-1.4525842682809107
100,1,0.1,5,50,8,2,0.30876426034669635,-1.2224987887740295
100,1,0.1,5,50,8,3,0.22806740960500388,-0.3394951462589093
100,1,0.1,5,50,16,1,0.26219240853863135,-0.5311658225619311
100,1,0.1,5,50,16,2,0.2840671834834454,-1.0285352835951747
100,1,0.1,5,50,16,3,0.32616251586165534,-1.7232122717408216
100,1,0.1,5,100,4,1,0.36738391894215666,-2.0181000224359957
100,1,0.1,5,100,4,2,0.36023025781439044,-2.1449813959393134
100,1,0.1,5,100,4,3,0.22704631610634085,0.1029553532334967
100,1,0.1,5,100,8,1,0.34541987427773074,-2.4312994560009447
100,1,0.1,5,100,8,2,0.2203903178641785,-0.20658856707654305
100,1,0.1,5,100,8,3,0.27486300179378564,-1.0053154246607425
100,1,0.1,5,100,16,1,0.2154228682472849,-0.3861773619517386
100,1,0.1,5,100,16,2,0.3112016436289935,-2.1317025600483155
100,1,0.1,5,100,16,3,0.23590589979829682,-0.6511265410217062
100,1,0.1,5,150,4,1,0.31225145534461773,-1.6522185244712029
100,1,0.1,5,150,4,2,0.34130214333881864,-1.5226576945077261
100,1,0.1,5,150,4,3,0.4944679047974556,-5.444785033675357
100,1,0.1,5,150,8,1,0.3348859416864433,-1.7555381513127557
100,1,0.1,5,150,8,2,0.38493466436696827,-2.2221384578779872
100,1,0.1,5,150,8,3,0.31724753707572906,-1.6884596818099
100,1,0.1,5,150,16,1,0.25257517204324753,-0.8665261853338133
100,1,0.1,5,150,16,2,0.3740329160014153,-2.9457583755058625
100,1,0.1,5,150,16,3,0.302842433218576,-1.2476818074196085
100,1,0.1,10,50,4,1,0.37544458141166315,-2.3141499967134536
100,1,0.1,10,50,4,2,0.455837777048976,-2.6043967495543425
100,1,0.1,10,50,4,3,0.6075016352846473,-6.5964676887143
100,1,0.1,10,50,8,1,0.47521675230962107,-3.441895877871528
100,1,0.1,10,50,8,2,0.3871690858265249,-2.8629389434030115
100,1,0.1,10,50,8,3,0.3245968733008354,-1.7957416120925158
100,1,0.1,10,50,16,1,0.35180120954948335,-1.7624427011541965
100,1,0.1,10,50,16,2,0.24093353662931805,-0.44757799682092925
100,1,0.1,10,50,16,3,0.5440593322248177,-3.6765357297249253
100,1,0.1,10,100,4,1,0.5880327275556935,-8.052137180749602
100,1,0.1,10,100,4,2,0.5373211557858467,-6.65219998597643
100,1,0.1,10,100,4,3,0.33446036984682626,-1.898490530323845
100,1,0.1,10,100,8,1,0.3105458163279654,-1.5870667634550557
100,1,0.1,10,100,8,2,0.3156243897462737,-1.3665032412519178
100,1,0.1,10,100,8,3,0.30301577106525796,-1.3219020320224826
100,1,0.1,10,100,16,1,0.4057550226862328,-2.7715255112449224
100,1,0.1,10,100,16,2,0.1178870391436119,0.6240840149848618
100,1,0.1,10,100,16,3,0.2953344932533237,-1.0668421881679109
100,1,0.1,10,150,4,1,0.7254117417028827,-9.942783447400506
100,1,0.1,10,150,4,2,0.29858595836565166,-2.0247739549344383
100,1,0.1,10,150,4,3,0.12443551799546713,0.5756487518245019
100,1,0.1,10,150,8,1,0.599763878275723,-5.338955356858534
100,1,0.1,10,150,8,2,0.31393534812297436,-1.5527720937455447
100,1,0.1,10,150,8,3,0.42821223578259415,-2.9077470227859874
100,1,0.1,10,150,16,1,0.29021639189244414,-1.378937667351197
100,1,0.1,10,150,16,2,0.14514985618716103,0.5832192226274883
100,1,0.1,10,150,16,3,0.4574843532642779,-4.465403682949481
100,2,0.001,1,50,4,1,0.14083415380068867,0.4686331787469973
100,2,0.001,1,50,4,2,0.14504679468832424,0.45296983437278093
100,2,0.001,1,50,4,3,0.11855947031237497,0.5864123582589276
100,2,0.001,1,50,8,1,0.09506446537063915,0.7434119861261242
100,2,0.001,1,50,8,2,0.09990203656249412,0.7124140682149177
100,2,0.001,1,50,8,3,0.0902307087777209,0.759725003361173
100,2,0.001,1,50,16,1,0.0735412093993198,0.8445544999994911
100,2,0.001,1,50,16,2,0.07766451752458352,0.8276682249051815
100,2,0.001,1,50,16,3,0.07332074199005525,0.8441904335856817
100,2,0.001,1,100,4,1,0.12724406021153492,0.5083198659360617
100,2,0.001,1,100,4,2,0.13885455614439957,0.45227560532928335
100,2,0.001,1,100,4,3,0.11348710053068066,0.5937148037751114
100,2,0.001,1,100,8,1,0.10252433459941515,0.6879526539945053
100,2,0.001,1,100,8,2,0.0983702359420496,0.7040007625699672
100,2,0.001,1,100,8,3,0.10483267433561257,0.6701234693194489
100,2,0.001,1,100,16,1,0.09510002915998975,0.7551706832794763
100,2,0.001,1,100,16,2,0.08324684796282238,0.7989331268766593
100,2,0.001,1,100,16,3,0.07390016916026138,0.8397313027073415
100,2,0.001,1,150,4,1,0.13351571292974854,0.4597664413016712
100,2,0.001,1,150,4,2,0.18101078769666543,0.19607343104093433
100,2,0.001,1,150,4,3,0.13857665532915028,0.42654348502036
100,2,0.001,1,150,8,1,0.1310883442416873,0.5319237570580307
100,2,0.001,1,150,8,2,0.11504040435014166,0.6089001140894463
100,2,0.001,1,150,8,3,0.11190032385165252,0.6282894243695303
100,2,0.001,1,150,16,1,0.09369137822197068,0.7437755887139019
100,2,0.001,1,150,16,2,0.09259879453398917,0.7596243542805179
100,2,0.001,1,150,16,3,0.09549691099112263,0.725157432247238
100,2,0.001,5,50,4,1,0.14262659665618718,0.39965688124890697
100,2,0.001,5,50,4,2,0.14095520063495307,0.4231188005375194
100,2,0.001,5,50,4,3,0.19667231778281133,0.12365467475948111
100,2,0.001,5,50,8,1,0.09700762120097899,0.7100556967511249
100,2,0.001,5,50,8,2,0.08060876783908247,0.7999390804769073
100,2,0.001,5,50,8,3,0.12775702344467102,0.5703233930993754
100,2,0.001,5,50,16,1,0.129774319139198,0.6280486145005635
100,2,0.001,5,50,16,2,0.08437573111836329,0.8012138920593614
100,2,0.001,5,50,16,3,0.08823165632350878,0.7919377671995457
100,2,0.001,5,100,4,1,0.15162444745272452,0.3189724387921352
100,2,0.001,5,100,4,2,0.15495480754549498,0.32361041838301075
100,2,0.001,5,100,4,3,0.14375637055162938,0.38315046628380056
100,2,0.001,5,100,8,1,0.1216791885499385,0.5665829039191927
100,2,0.001,5,100,8,2,0.13584161536899622,0.45870139380569697
100,2,0.001,5,100,8,3,0.13786302098316916,0.48297876564668085
100,2,0.001,5,100,16,1,0.06843843831400405,0.8780832855566428
100,2,0.001,5,100,16,2,0.10510660967537505,0.6751677617554421
100,2,0.001,5,100,16,3,0.10342687209199826,0.6907453296260214
100,2,0.001,5,150,4,1,0.16272709737892121,0.19947950907900913
100,2,0.001,5,150,4,2,0.1924001822018264,-0.06471228333411472
100,2,0.001,5,150,4,3,0.1782364478328933,0.04213654965051927
100,2,0.001,5,150,8,1,0.14216037884517677,0.4773144975176815
100,2,0.001,5,150,8,2,0.13330282801587787,0.44682133212112574
100,2,0.001,5,150,8,3,0.16117510558241002,0.21217100243981102
100,2,0.001,5,150,16,1,0.07792218459039507,0.8206828513916142
100,2,0.001,5,150,16,2,0.10766530183878603,0.6769116884264801
100,2,0.001,5,150,16,3,0.10541547946686455,0.6848939345899794
100,2,0.001,10,50,4,1,0.11523548122411867,0.6082896318969646
100,2,0.001,10,50,4,2,0.14804702041052226,0.35602828517624985
100,2,0.001,10,50,4,3,0.12571265796284165,0.6014291747064153
100,2,0.001,10,50,8,1,0.11210892134440685,0.6421610326403127
100,2,0.001,10,50,8,2,0.07459054438228387,0.8329276370458966
100,2,0.001,10,50,8,3,0.13618604671404394,0.5515510720506985
100,2,0.001,10,50,16,1,0.07301520005970014,0.853710614600149
100,2,0.001,10,50,16,2,0.09212691459056153,0.7807383162176967
100,2,0.001,10,50,16,3,0.08534254384494493,0.7964126008058426
100,2,0.001,10,100,4,1,0.12032877741113329,0.5948018696442143
100,2,0.001,10,100,4,2,0.14002750659604415,0.465129464208173
100,2,0.001,10,100,4,3,0.14130343371218887,0.40930757299737885
100,2,0.001,10,100,8,1,0.11936130208046569,0.5839356250124266
100,2,0.001,10,100,8,2,0.14961380038048533,0.29103006442945667
100,2,0.001,10,100,8,3,0.1295716897374633,0.5107536549883308
100,2,0.001,10,100,16,1,0.07209707679908366,0.8369276055160284
100,2,0.001,10,100,16,2,0.12341614169281148,0.6190822857506029
100,2,0.001,10,100,16,3,0.09495717763789276,0.7569076276786874
100,2,0.001,10,150,4,1,0.181767688235913,0.033258097439915146
100,2,0.001,10,150,4,2,0.18211604144940718,0.0337055239093097
100,2,0.001,10,150,4,3,0.21126341575272736,-0.2565861649714294
100,2,0.001,10,150,8,1,0.16225820323785994,0.1617935459973051
100,2,0.001,10,150,8,2,0.14907414615811754,0.3253132546781642
100,2,0.001,10,150,8,3,0.14264864196824856,0.39781826919998653
100,2,0.001,10,150,16,1,0.08152599513727707,0.806938618965156
100,2,0.001,10,150,16,2,0.11104576478167799,0.6701592755950803
100,2,0.001,10,150,16,3,0.14022929401726061,0.4006468157075749
100,2,0.01,1,50,4,1,0.2672026663005464,-0.989243579463736
100,2,0.01,1,50,4,2,0.2555294338647504,-0.9242868304580696
100,2,0.01,1,50,4,3,0.2667075915085571,-1.0160634456653956
100,2,0.01,1,50,8,1,0.20986769040824255,-0.3653904312680678
100,2,0.01,1,50,8,2,0.22450206064908396,-0.4935725684821526
100,2,0.01,1,50,8,3,0.23608034466959094,-0.655072527440943
100,2,0.01,1,50,16,1,0.18985388308992562,-0.07814220496169288
100,2,0.01,1,50,16,2,0.17434547604587394,0.0835398899074854
100,2,0.01,1,50,16,3,0.1768122524028743,0.03233464352122861
100,2,0.01,1,100,4,1,0.2630182552642529,-1.0535121969384886
100,2,0.01,1,100,4,2,0.2897228281036955,-1.2960613726935137
100,2,0.01,1,100,4,3,0.2715549784116679,-1.0131027472334009
100,2,0.01,1,100,8,1,0.2884683071073891,-1.1653226675535304
100,2,0.01,1,100,8,2,0.24108954803164126,-0.6042166619470237
100,2,0.01,1,100,8,3,0.2778123834163505,-1.111684116352425
100,2,0.01,1,100,16,1,0.2172192382410134,-0.37001467506414065
100,2,0.01,1,100,16,2,0.20621906907518056,-0.22276488568081265
100,2,0.01,1,100,16,3,0.2263989349515471,-0.4818681153621027
100,2,0.01,1,150,4,1,0.3108780153820945,-1.1566612469821949
100,2,0.01,1,150,4,2,0.3048337628103918,-1.2571901846334188
100,2,0.01,1,150,4,3,0.2806093555973806,-0.9396054684828326
100,2,0.01,1,150,8,1,0.29012270585352856,-1.2651703581665927
100,2,0.01,1,150,8,2,0.30282168301231943,-1.2950406033769633
100,2,0.01,1,150,8,3,0.28915200884970277,-1.198969891989508
100,2,0.01,1,150,16,1,0.22085668175151557,-0.47219206648701095
100,2,0.01,1,150,16,2,0.25067464549397733,-0.7640514701794885
100,2,0.01,1,150,16,3,0.23514568693062982,-0.5400640193149397
100,2,0.01,5,50,4,1,0.2704933352761358,-0.9889098613984282
100,2,0.01,5,50,4,2,0.3019605774634671,-1.292503892210732
100,2,0.01,5,50,4,3,0.2616730216203336,-0.8675242210553602
100,2,0.01,5,50,8,1,0.2530591009612923,-0.7160381423891682
100,2,0.01,5,50,8,2,0.19424404915860607,-0.15499919805486861
100,2,0.01,5,50,8,3,0.20808441880319636,-0.28745526963574464
100,2,0.01,5,50,16,1,0.20034487733070783,-0.21102855401565956
100,2,0.01,5,50,16,2,0.22015938791535344,-0.27868616544015246
100,2,0.01,5,50,16,3,0.23091609465640375,-0.41086239283874226
100,2,0.01,5,100,4,1,0.29418133999459195,-1.2198418254891132
100,2,0.01,5,100,4,2,0.25392932754977154,-0.8717482364669797
100,2,0.01,5,100,4,3,0.24699439402959605,-0.6574610836584658
100,2,0.01,5,100,8,1,0.266076752730087,-0.8941216126740521
100,2,0.01,5,100,8,2,0.2750045546698825,-1.0573590627457539
100,2,0.01,5,100,8,3,0.27551895639717733,-1.0830594953785946
100,2,0.01,5,100,16,1,0.22346367341010634,-0.4767002512204319
100,2,0.01,5,100,16,2,0.22140930918577764,-0.45239945038503215
100,2,0.01,5,100,16,3,0.21905251620460864,-0.31385430121175406
100,2,0.01,5,150,4,1,0.27643568842684496,-1.0388663163774217
100,2,0.01,5,150,4,2,0.27390202957697296,-0.8735472305462646
100,2,0.01,5,150,4,3,0.29187735728812314,-1.101939896333258
100,2,0.01,5,150,8,1,0.2666184323538197,-0.9392937751366603
100,2,0.01,5,150,8,2,0.28959530937179234,-1.1489204848456875
100,2,0.01,5,150,8,3,0.2861733143378305,-1.1018455890796819
100,2,0.01,5,150,16,1,0.27065802016927587,-0.9121465406070071
100,2,0.01,5,150,16,2,0.26476489410155735,-0.7652505666164975
100,2,0.01,5,150,16,3,0.2746962139898504,-0.9261262048488343
100,2,0.01,10,50,4,1,0.25257885008442843,-0.7833601946047701
100,2,0.01,10,50,4,2,0.26952028305240777,-1.0358689504737542
100,2,0.01,10,50,4,3,0.24109584318856778,-0.6762782170326351
100,2,0.01,10,50,8,1,0.17746810201164412,0.05412997856937729
100,2,0.01,10,50,8,2,0.22207243755033393,-0.42911483458226796
100,2,0.01,10,50,8,3,0.21539092996108103,-0.37168100442484686
100,2,0.01,10,50,16,1,0.2100331209119713,-0.08809426667010012
100,2,0.01,10,50,16,2,0.14080633445388416,0.3899555370027852
100,2,0.01,10,50,16,3,0.21039993848877733,-0.2425186972090403
100,2,0.01,10,100,4,1,0.3084057446850885,-1.42624520554038
100,2,0.01,10,100,4,2,0.2821215454939051,-1.2323509638048757
100,2,0.01,10,100,4,3,0.26892871891639203,-0.9075513834667468
100,2,0.01,10,100,8,1,0.2673755889484629,-0.917372988185913
100,2,0.01,10,100,8,2,0.26301684549260107,-0.7469257072372206
100,2,0.01,10,100,8,3,0.2729281848499497,-0.9255328608492563
100,2,0.01,10,100,16,1,0.20967918196851995,-0.20221679393894632
100,2,0.01,10,100,16,2,0.18413063622467873,-0.0383765150335027
100,2,0.01,10,100,16,3,0.2615465661865553,-0.808824505282145
100,2,0.01,10,150,4,1,0.29145422238473495,-1.2512071441155408
100,2,0.01,10,150,4,2,0.26979100621516583,-0.899406906020737
100,2,0.01,10,150,4,3,0.274951283211854,-1.0068019741303575
100,2,0.01,10,150,8,1,0.2527438840706383,-0.6574688616041438
100,2,0.01,10,150,8,2,0.2787899352760458,-1.0780782638680666
100,2,0.01,10,150,8,3,0.29159164700136236,-1.116757480222057
100,2,0.01,10,150,16,1,0.2578822164533061,-0.7740331500416826
100,2,0.01,10,150,16,2,0.2195994356994135,-0.24494599205777434
100,2,0.01,10,150,16,3,0.2877394456846367,-1.0197946719982922
100,2,0.1,1,50,4,1,0.28738566606170685,-1.27894094941826
100,2,0.1,1,50,4,2,0.4294379992002193,-2.8318505904470848
100,2,0.1,1,50,4,3,0.39394900070768596,-1.9258940913405405
100,2,0.1,1,50,8,1,0.33435942034997507,-1.49598464009323
100,2,0.1,1,50,8,2,0.2851223172732911,-1.213891749068519
100,2,0.1,1,50,8,3,0.3838467833953683,-2.342957867991453
100,2,0.1,1,50,16,1,0.37127237078868924,-2.068182903528561
100,2,0.1,1,50,16,2,0.274779429852699,-0.8770135980153799
100,2,0.1,1,50,16,3,0.2957544599730866,-1.4364362730078555
100,2,0.1,1,100,4,1,0.405001449015104,-2.292002344039551
100,2,0.1,1,100,4,2,0.34645709329650776,-1.9804971184675764
100,2,0.1,1,100,4,3,0.388428814982735,-2.399989090144468
100,2,0.1,1,100,8,1,0.31263912047747977,-1.6418343353151474
100,2,0.1,1,100,8,2,0.40947323660516066,-2.5604982468770463
100,2,0.1,1,100,8,3,0.3330121480099019,-1.7837466363024035
100,2,0.1,1,100,16,1,0.28363747984980736,-0.9375074656374358
100,2,0.1,1,100,16,2,0.30108443683222186,-1.4568055486299296
100,2,0.1,1,100,16,3,0.3312036957410495,-1.6510843308801926
100,2,0.1,1,150,4,1,0.30639808187071893,-1.5595282807979851
100,2,0.1,1,150,4,2,0.36835681861360914,-2.1980366138545797
100,2,0.1,1,150,4,3,0.43497647478425966,-2.7758294702141066
100,2,0.1,1,150,8,1,0.30149253913006435,-1.498806892155622
100,2,0.1,1,150,8,2,0.44574706467578595,-3.0107276849022897
100,2,0.1,1,150,8,3,0.42474731495186535,-2.768093583202326
100,2,0.1,1,150,16,1,0.3355817773844222,-1.827710234564798
100,2,0.1,1,150,16,2,0.29764547071376574,-1.451691848215701
100,2,0.1,1,150,16,3,0.2970314547226026,-1.402488034135434
100,2,0.1,5,50,4,1,0.42365064678248665,-2.5084474886027914
100,2,0.1,5,50,4,2,0.28565825851489457,-1.224996179740125
100,2,0.1,5,50,4,3,0.6049549439136882,-5.129044781320929
100,2,0.1,5,50,8,1,0.3396035911645563,-1.9245841687072822
100,2,0.1,5,50,8,2,0.5214491582056011,-3.733433542782122
100,2,0.1,5,50,8,3,0.3347119283217301,-1.7443710048267231
100,2,0.1,5,50,16,1,0.4295795870991067,-1.9191402686512018
100,2,0.1,5,50,16,2,0.3709084379064342,-2.014766369027493
100,2,0.1,5,50,16,3,0.2700126707487917,-0.8978274333673242
100,2,0.1,5,100,4,1,0.520828127034969,-3.9048180130515595
100,2,0.1,5,100,4,2,0.44324646193149453,-2.9863717060671746
100,2,0.1,5,100,4,3,0.2736549610846253,-0.9406091386865472
100,2,0.1,5,100,8,1,0.5054957397571435,-3.875129278465873
100,2,0.1,5,100,8,2,0.5066348403997843,-3.767872781052776
100,2,0.1,5,100,8,3,0.6270526476154881,-5.468858621479254
100,2,0.1,5,100,16,1,0.15932281700505918,0.4513432259012973
100,2,0.1,5,100,16,2,0.33359748625593133,-1.2905505617374424
100,2,0.1,5,100,16,3,0.4314315672010113,-2.7349202743501864
100,2,0.1,5,150,4,1,0.5919050227781684,-4.781977483143532
100,2,0.1,5,150,4,2,0.46123373584347543,-2.7199143671545296
100,2,0.1,5,150,4,3,0.35780480649084345,-0.994530978492778
100,2,0.1,5,150,8,1,0.42889605135961456,-2.86542674543418
100,2,0.1,5,150,8,2,0.46495227687521523,-2.9259948835031735
100,2,0.1,5,150,8,3,0.459916930846043,-3.7305459293844025
100,2,0.1,5,150,16,1,0.24057601476860963,-0.08919876904493917
100,2,0.1,5,150,16,2,0.4028376749165371,-2.2478409309057117
100,2,0.1,5,150,16,3,0.30289111937562363,-1.1989518084947521
100,2,0.1,10,50,4,1,0.3206736110400152,-1.680551251968685
100,2,0.1,10,50,4,2,0.4344446266915381,-2.073863929851314
100,2,0.1,10,50,4,3,0.45823299193285794,-2.466310512085111
100,2,0.1,10,50,8,1,0.42000549090091216,-2.4893830048597203
100,2,0.1,10,50,8,2,0.2794987630526476,-0.9611018512122773
100,2,0.1,10,50,8,3,0.4897107908034862,-3.6426856576418425
100,2,0.1,10,50,16,1,0.4832972347211607,-3.4282207475749766
100,2,0.1,10,50,16,2,0.2947909604062434,-1.0995634637577827
100,2,0.1,10,50,16,3,0.3823892965303392,-2.066481451169728
100,2,0.1,10,100,4,1,0.36837971749229403,-2.7262984880356718
100,2,0.1,10,100,4,2,0.5275599088121385,-4.119235269655887
100,2,0.1,10,100,4,3,0.3863844315418071,-2.4674896118727703
100,2,0.1,10,100,8,1,0.45036386445665283,-2.652371281993681
100,2,0.1,10,100,8,2,0.4262653598517151,-2.8900523394626902
100,2,0.1,10,100,8,3,0.49587423986250906,-3.0869341252687335
100,2,0.1,10,100,16,1,0.5834593687680212,-4.919262403668169
100,2,0.1,10,100,16,2,0.4377893613301025,-3.0116728353483744
100,2,0.1,10,100,16,3,1.0520506817805846,-14.118031696252569
100,2,0.1,10,150,4,1,0.43860555516377325,-2.375353646210638
100,2,0.1,10,150,4,2,0.4220271264801118,-2.833106459021738
100,2,0.1,10,150,4,3,0.26956165131289944,-0.47443256881033347
100,2,0.1,10,150,8,1,0.46547383942709103,-3.3134511145922962
100,2,0.1,10,150,8,2,0.4129638892203977,-2.365780981722869
100,2,0.1,10,150,8,3,0.7935407724800932,-8.455469391557306
100,2,0.1,10,150,16,1,0.3987506543749295,-2.266271941517819
100,2,0.1,10,150,16,2,0.390977145069727,-2.4978417007931353
100,2,0.1,10,150,16,3,0.33680598548945284,-1.4591352040335224
